timestamp,issue_spoilage
2009-05-09,0
2009-05-10,0
2009-05-11,0
2009-05-12,0
2009-05-13,0
2009-05-14,0
2009-05-15,0
2009-05-16,0
2009-05-17,0
2009-05-18,0
2009-05-19,0
2009-05-20,0
2009-05-21,0
2009-05-22,0
2009-05-23,0
2009-05-24,0
2009-05-25,0
2009-05-26,0
2009-05-27,0
2009-05-28,0
2009-05-29,0
2009-05-30,0
2009-05-31,0
2009-06-01,0
2009-06-02,0
2009-06-03,0
2009-06-04,0
2009-06-05,0
2009-06-06,0
2009-06-07,0
2009-06-08,0
2009-06-09,0
2009-06-10,0
2009-06-11,0
2009-06-12,0
2009-06-13,0
2009-06-14,0
2009-06-15,0
2009-06-16,0
2009-06-17,0
2009-06-18,0
2009-06-19,0
2009-06-20,0
2009-06-21,0
2009-06-22,0
2009-06-23,0
2009-06-24,0
2009-06-25,0
2009-06-26,0
2009-06-27,0
2009-06-28,0
2009-06-29,0
2009-06-30,0
2009-07-01,0
2009-07-02,0
2009-07-03,0
2009-07-04,0
2009-07-05,0
2009-07-06,0
2009-07-07,0
2009-07-08,0
2009-07-09,0
2009-07-10,0
2009-07-11,0
2009-07-12,0
2009-07-13,0
2009-07-14,0
2009-07-15,0
2009-07-16,0
2009-07-17,0
2009-07-18,0
2009-07-19,0
2009-07-20,0
2009-07-21,0
2009-07-22,0
2009-07-23,0
2009-07-24,0
2009-07-25,0
2009-07-26,0
2009-07-27,0
2009-07-28,0
2009-07-29,0
2009-07-30,0
2009-07-31,0
2009-08-01,0
2009-08-02,0
2009-08-03,0
2009-08-04,0
2009-08-05,0
2009-08-06,0
2009-08-07,0
2009-08-08,0
2009-08-09,0
2009-08-10,0
2009-08-11,0
2009-08-12,0
2009-08-13,0
2009-08-14,0
2009-08-15,0
2009-08-16,0
2009-08-17,0
2009-08-18,0
2009-08-19,0
2009-08-20,0
2009-08-21,0
2009-08-22,0
2009-08-23,0
2009-08-24,0
2009-08-25,0
2009-08-26,0
2009-08-27,0
2009-08-28,0
2009-08-29,0
2009-08-30,0
2009-08-31,0
2009-09-01,0
2009-09-02,0
2009-09-03,0
2009-09-04,0
2009-09-05,0
2009-09-06,0
2009-09-07,0
2009-09-08,0
2009-09-09,0
2009-09-10,0
2009-09-11,0
2009-09-12,0
2009-09-13,0
2009-09-14,0
2009-09-15,0
2009-09-16,0
2009-09-17,0
2009-09-18,0
2009-09-19,0
2009-09-20,0
2009-09-21,0
2009-09-22,0
2009-09-23,0
2009-09-24,0
2009-09-25,0
2009-09-26,0
2009-09-27,0
2009-09-28,0
2009-09-29,0
2009-09-30,0
2009-10-01,0
2009-10-02,0
2009-10-03,0
2009-10-04,0
2009-10-05,0
2009-10-06,0
2009-10-07,0
2009-10-08,0
2009-10-09,0
2009-10-10,0
2009-10-11,0
2009-10-12,0
2009-10-13,0
2009-10-14,0
2009-10-15,0
2009-10-16,0
2009-10-17,0
2009-10-18,0
2009-10-19,0
2009-10-20,0
2009-10-21,0
2009-10-22,0
2009-10-23,0
2009-10-24,0
2009-10-25,0
2009-10-26,0
2009-10-27,0
2009-10-28,0
2009-10-29,0
2009-10-30,0
2009-10-31,0
2009-11-01,0
2009-11-02,0
2009-11-03,0
2009-11-04,0
2009-11-05,0
2009-11-06,0
2009-11-07,0
2009-11-08,0
2009-11-09,0
2009-11-10,0
2009-11-11,0
2009-11-12,0
2009-11-13,0
2009-11-14,0
2009-11-15,0
2009-11-16,0
2009-11-17,0
2009-11-18,0
2009-11-19,0
2009-11-20,0
2009-11-21,0
2009-11-22,0
2009-11-23,0
2009-11-24,0
2009-11-25,0
2009-11-26,0
2009-11-27,0
2009-11-28,0
2009-11-29,0
2009-11-30,0
2009-12-01,0
2009-12-02,0
2009-12-03,0
2009-12-04,0
2009-12-05,0
2009-12-06,0
2009-12-07,0
2009-12-08,0
2009-12-09,0
2009-12-10,0
2009-12-11,0
2009-12-12,0
2009-12-13,0
2009-12-14,0
2009-12-15,0
2009-12-16,0
2009-12-17,0
2009-12-18,0
2009-12-19,0
2009-12-20,0
2009-12-21,0
2009-12-22,0
2009-12-23,0
2009-12-24,0
2009-12-25,0
2009-12-26,0
2009-12-27,0
2009-12-28,0
2009-12-29,0
2009-12-30,0
2009-12-31,0
2010-01-01,0
2010-01-02,0
2010-01-03,0
2010-01-04,0
2010-01-05,0
2010-01-06,0
2010-01-07,0
2010-01-08,0
2010-01-09,0
2010-01-10,0
2010-01-11,0
2010-01-12,0
2010-01-13,0
2010-01-14,0
2010-01-15,0
2010-01-16,0
2010-01-17,0
2010-01-18,0
2010-01-19,0
2010-01-20,0
2010-01-21,0
2010-01-22,0
2010-01-23,0
2010-01-24,0
2010-01-25,0
2010-01-26,0
2010-01-27,0
2010-01-28,0
2010-01-29,0
2010-01-30,0
2010-01-31,0
2010-02-01,0
2010-02-02,0
2010-02-03,0
2010-02-04,0
2010-02-05,0
2010-02-06,0
2010-02-07,0
2010-02-08,0
2010-02-09,0
2010-02-10,0
2010-02-11,0
2010-02-12,0
2010-02-13,0
2010-02-14,0
2010-02-15,0
2010-02-16,0
2010-02-17,0
2010-02-18,0
2010-02-19,0
2010-02-20,0
2010-02-21,0
2010-02-22,0
2010-02-23,0
2010-02-24,0
2010-02-25,0
2010-02-26,0
2010-02-27,0
2010-02-28,0
2010-03-01,0
2010-03-02,0
2010-03-03,0
2010-03-04,0
2010-03-05,0
2010-03-06,0
2010-03-07,0
2010-03-08,0
2010-03-09,0
2010-03-10,0
2010-03-11,0
2010-03-12,0
2010-03-13,0
2010-03-14,0
2010-03-15,0
2010-03-16,0
2010-03-17,0
2010-03-18,0
2010-03-19,0
2010-03-20,0
2010-03-21,0
2010-03-22,0
2010-03-23,0
2010-03-24,0
2010-03-25,0
2010-03-26,0
2010-03-27,0
2010-03-28,0
2010-03-29,0
2010-03-30,0
2010-03-31,0
2010-04-01,0
2010-04-02,0
2010-04-03,0
2010-04-04,0
2010-04-05,0
2010-04-06,0
2010-04-07,0
2010-04-08,0
2010-04-09,0
2010-04-10,0
2010-04-11,0
2010-04-12,0
2010-04-13,0
2010-04-14,0
2010-04-15,0
2010-04-16,0
2010-04-17,0
2010-04-18,0
2010-04-19,0
2010-04-20,0
2010-04-21,0
2010-04-22,0
2010-04-23,0
2010-04-24,0
2010-04-25,0
2010-04-26,0
2010-04-27,0
2010-04-28,0
2010-04-29,0
2010-04-30,0
2010-05-01,0
2010-05-02,0
2010-05-03,0
2010-05-04,0
2010-05-05,0
2010-05-06,0
2010-05-07,0
2010-05-08,0
2010-05-09,0
2010-05-10,0
2010-05-11,0
2010-05-12,0
2010-05-13,0
2010-05-14,0
2010-05-15,0
2010-05-16,0
2010-05-17,0
2010-05-18,0
2010-05-19,0
2010-05-20,0
2010-05-21,0
2010-05-22,0
2010-05-23,0
2010-05-24,0
2010-05-25,0
2010-05-26,0
2010-05-27,0
2010-05-28,0
2010-05-29,0
2010-05-30,0
2010-05-31,0
2010-06-01,0
2010-06-02,0
2010-06-03,0
2010-06-04,0
2010-06-05,0
2010-06-06,0
2010-06-07,0
2010-06-08,0
2010-06-09,0
2010-06-10,0
2010-06-11,0
2010-06-12,0
2010-06-13,0
2010-06-14,0
2010-06-15,0
2010-06-16,0
2010-06-17,0
2010-06-18,0
2010-06-19,0
2010-06-20,0
2010-06-21,0
2010-06-22,0
2010-06-23,0
2010-06-24,0
2010-06-25,0
2010-06-26,0
2010-06-27,0
2010-06-28,0
2010-06-29,0
2010-06-30,0
2010-07-01,0
2010-07-02,0
2010-07-03,0
2010-07-04,0
2010-07-05,0
2010-07-06,0
2010-07-07,0
2010-07-08,0
2010-07-09,0
2010-07-10,0
2010-07-11,0
2010-07-12,0
2010-07-13,0
2010-07-14,0
2010-07-15,0
2010-07-16,0
2010-07-17,0
2010-07-18,0
2010-07-19,0
2010-07-20,0
2010-07-21,0
2010-07-22,0
2010-07-23,0
2010-07-24,0
2010-07-25,0
2010-07-26,0
2010-07-27,0
2010-07-28,0
2010-07-29,0
2010-07-30,0
2010-07-31,0
2010-08-01,0
2010-08-02,0
2010-08-03,0
2010-08-04,0
2010-08-05,0
2010-08-06,0
2010-08-07,0
2010-08-08,0
2010-08-09,0
2010-08-10,0
2010-08-11,0
2010-08-12,0
2010-08-13,0
2010-08-14,0
2010-08-15,0
2010-08-16,0
2010-08-17,0
2010-08-18,0
2010-08-19,0
2010-08-20,0
2010-08-21,0
2010-08-22,0
2010-08-23,0
2010-08-24,0
2010-08-25,0
2010-08-26,0
2010-08-27,0
2010-08-28,0
2010-08-29,0
2010-08-30,0
2010-08-31,0
2010-09-01,0
2010-09-02,0
2010-09-03,0
2010-09-04,0
2010-09-05,0
2010-09-06,0
2010-09-07,0
2010-09-08,0
2010-09-09,0
2010-09-10,0
2010-09-11,0
2010-09-12,0
2010-09-13,0
2010-09-14,0
2010-09-15,0
2010-09-16,0
2010-09-17,0
2010-09-18,0
2010-09-19,0
2010-09-20,0
2010-09-21,0
2010-09-22,0
2010-09-23,0
2010-09-24,0
2010-09-25,0
2010-09-26,0
2010-09-27,0
2010-09-28,0
2010-09-29,0
2010-09-30,0
2010-10-01,0
2010-10-02,0
2010-10-03,0
2010-10-04,0
2010-10-05,0
2010-10-06,0
2010-10-07,0
2010-10-08,0
2010-10-09,0
2010-10-10,0
2010-10-11,0
2010-10-12,0
2010-10-13,0
2010-10-14,0
2010-10-15,0
2010-10-16,0
2010-10-17,0
2010-10-18,0
2010-10-19,0
2010-10-20,0
2010-10-21,0
2010-10-22,0
2010-10-23,0
2010-10-24,0
2010-10-25,0
2010-10-26,0
2010-10-27,0
2010-10-28,0
2010-10-29,0
2010-10-30,0
2010-10-31,0
2010-11-01,0
2010-11-02,0
2010-11-03,0
2010-11-04,0
2010-11-05,0
2010-11-06,0
2010-11-07,0
2010-11-08,0
2010-11-09,0
2010-11-10,0
2010-11-11,0
2010-11-12,0
2010-11-13,0
2010-11-14,0
2010-11-15,0
2010-11-16,0
2010-11-17,0
2010-11-18,0
2010-11-19,0
2010-11-20,0
2010-11-21,0
2010-11-22,0
2010-11-23,0
2010-11-24,0
2010-11-25,0
2010-11-26,0
2010-11-27,0
2010-11-28,0
2010-11-29,0
2010-11-30,0
2010-12-01,0
2010-12-02,0
2010-12-03,0
2010-12-04,0
2010-12-05,0
2010-12-06,0
2010-12-07,0
2010-12-08,0
2010-12-09,0
2010-12-10,0
2010-12-11,0
2010-12-12,0
2010-12-13,0
2010-12-14,0
2010-12-15,0
2010-12-16,0
2010-12-17,0
2010-12-18,0
2010-12-19,0
2010-12-20,0
2010-12-21,0
2010-12-22,0
2010-12-23,0
2010-12-24,0
2010-12-25,0
2010-12-26,0
2010-12-27,0
2010-12-28,0
2010-12-29,0
2010-12-30,0
2010-12-31,0
2011-01-01,0
2011-01-02,0
2011-01-03,0
2011-01-04,0
2011-01-05,0
2011-01-06,0
2011-01-07,0
2011-01-08,0
2011-01-09,0
2011-01-10,0
2011-01-11,0
2011-01-12,0
2011-01-13,0
2011-01-14,0
2011-01-15,0
2011-01-16,0
2011-01-17,0
2011-01-18,0
2011-01-19,0
2011-01-20,0
2011-01-21,0
2011-01-22,0
2011-01-23,0
2011-01-24,0
2011-01-25,0
2011-01-26,0
2011-01-27,0
2011-01-28,0
2011-01-29,0
2011-01-30,0
2011-01-31,0
2011-02-01,0
2011-02-02,0
2011-02-03,0
2011-02-04,0
2011-02-05,0
2011-02-06,0
2011-02-07,0
2011-02-08,0
2011-02-09,0
2011-02-10,0
2011-02-11,0
2011-02-12,0
2011-02-13,0
2011-02-14,0
2011-02-15,0
2011-02-16,0
2011-02-17,0
2011-02-18,0
2011-02-19,0
2011-02-20,0
2011-02-21,0
2011-02-22,0
2011-02-23,0
2011-02-24,0
2011-02-25,0
2011-02-26,0
2011-02-27,0
2011-02-28,0
2011-03-01,0
2011-03-02,0
2011-03-03,0
2011-03-04,0
2011-03-05,0
2011-03-06,0
2011-03-07,0
2011-03-08,0
2011-03-09,0
2011-03-10,0
2011-03-11,0
2011-03-12,0
2011-03-13,0
2011-03-14,0
2011-03-15,0
2011-03-16,0
2011-03-17,0
2011-03-18,0
2011-03-19,0
2011-03-20,0
2011-03-21,0
2011-03-22,0
2011-03-23,0
2011-03-24,0
2011-03-25,0
2011-03-26,0
2011-03-27,0
2011-03-28,0
2011-03-29,0
2011-03-30,0
2011-03-31,0
2011-04-01,0
2011-04-02,0
2011-04-03,0
2011-04-04,0
2011-04-05,0
2011-04-06,0
2011-04-07,0
2011-04-08,0
2011-04-09,0
2011-04-10,0
2011-04-11,0
2011-04-12,0
2011-04-13,0
2011-04-14,0
2011-04-15,0
2011-04-16,0
2011-04-17,0
2011-04-18,0
2011-04-19,0
2011-04-20,0
2011-04-21,0
2011-04-22,0
2011-04-23,0
2011-04-24,0
2011-04-25,0
2011-04-26,0
2011-04-27,0
2011-04-28,0
2011-04-29,0
2011-04-30,0
2011-05-01,0
2011-05-02,0
2011-05-03,0
2011-05-04,0
2011-05-05,0
2011-05-06,0
2011-05-07,0
2011-05-08,0
2011-05-09,0
2011-05-10,0
2011-05-11,0
2011-05-12,0
2011-05-13,0
2011-05-14,0
2011-05-15,0
2011-05-16,0
2011-05-17,0
2011-05-18,0
2011-05-19,0
2011-05-20,0
2011-05-21,0
2011-05-22,0
2011-05-23,0
2011-05-24,0
2011-05-25,0
2011-05-26,0
2011-05-27,0
2011-05-28,0
2011-05-29,0
2011-05-30,0
2011-05-31,0
2011-06-01,0
2011-06-02,0
2011-06-03,0
2011-06-04,0
2011-06-05,0
2011-06-06,0
2011-06-07,0
2011-06-08,0
2011-06-09,0
2011-06-10,0
2011-06-11,0
2011-06-12,0
2011-06-13,0
2011-06-14,0
2011-06-15,0
2011-06-16,0
2011-06-17,0
2011-06-18,0
2011-06-19,0
2011-06-20,0
2011-06-21,0
2011-06-22,0
2011-06-23,0
2011-06-24,0
2011-06-25,0
2011-06-26,0
2011-06-27,0
2011-06-28,0
2011-06-29,0
2011-06-30,0
2011-07-01,0
2011-07-02,0
2011-07-03,0
2011-07-04,0
2011-07-05,0
2011-07-06,0
2011-07-07,0
2011-07-08,0
2011-07-09,0
2011-07-10,0
2011-07-11,0
2011-07-12,0
2011-07-13,0
2011-07-14,0
2011-07-15,0
2011-07-16,0
2011-07-17,0
2011-07-18,0
2011-07-19,0
2011-07-20,0
2011-07-21,0
2011-07-22,0
2011-07-23,0
2011-07-24,0
2011-07-25,0
2011-07-26,0
2011-07-27,0
2011-07-28,0
2011-07-29,0
2011-07-30,0
2011-07-31,0
2011-08-01,0
2011-08-02,0
2011-08-03,0
2011-08-04,0
2011-08-05,0
2011-08-06,0
2011-08-07,0
2011-08-08,0
2011-08-09,0
2011-08-10,0
2011-08-11,0
2011-08-12,0
2011-08-13,0
2011-08-14,0
2011-08-15,0
2011-08-16,0
2011-08-17,0
2011-08-18,0
2011-08-19,0
2011-08-20,0
2011-08-21,0
2011-08-22,0
2011-08-23,0
2011-08-24,0
2011-08-25,0
2011-08-26,0
2011-08-27,0
2011-08-28,0
2011-08-29,0
2011-08-30,0
2011-08-31,0
2011-09-01,0
2011-09-02,0
2011-09-03,0
2011-09-04,0
2011-09-05,0
2011-09-06,0
2011-09-07,0
2011-09-08,0
2011-09-09,0
2011-09-10,0
2011-09-11,0
2011-09-12,0
2011-09-13,0
2011-09-14,0
2011-09-15,0
2011-09-16,0
2011-09-17,0
2011-09-18,0
2011-09-19,0
2011-09-20,0
2011-09-21,0
2011-09-22,0
2011-09-23,0
2011-09-24,0
2011-09-25,0
2011-09-26,0
2011-09-27,0
2011-09-28,0
2011-09-29,0
2011-09-30,0
2011-10-01,0
2011-10-02,0
2011-10-03,0
2011-10-04,0
2011-10-05,0
2011-10-06,0
2011-10-07,0
2011-10-08,0
2011-10-09,0
2011-10-10,0
2011-10-11,0
2011-10-12,0
2011-10-13,0
2011-10-14,0
2011-10-15,0
2011-10-16,0
2011-10-17,0
2011-10-18,0
2011-10-19,0
2011-10-20,0
2011-10-21,0
2011-10-22,0
2011-10-23,0
2011-10-24,0
2011-10-25,0
2011-10-26,0
2011-10-27,0
2011-10-28,0
2011-10-29,0
2011-10-30,0
2011-10-31,0
2011-11-01,0
2011-11-02,0
2011-11-03,0
2011-11-04,0
2011-11-05,0
2011-11-06,0
2011-11-07,0
2011-11-08,0
2011-11-09,0
2011-11-10,0
2011-11-11,0
2011-11-12,0
2011-11-13,0
2011-11-14,0
2011-11-15,0
2011-11-16,0
2011-11-17,0
2011-11-18,0
2011-11-19,0
2011-11-20,0
2011-11-21,0
2011-11-22,0
2011-11-23,0
2011-11-24,0
2011-11-25,0
2011-11-26,0
2011-11-27,0
2011-11-28,0
2011-11-29,0
2011-11-30,0
2011-12-01,0
2011-12-02,0
2011-12-03,0
2011-12-04,0
2011-12-05,0
2011-12-06,0
2011-12-07,0
2011-12-08,0
2011-12-09,0
2011-12-10,0
2011-12-11,0
2011-12-12,0
2011-12-13,0
2011-12-14,0
2011-12-15,0
2011-12-16,0
2011-12-17,0
2011-12-18,0
2011-12-19,0
2011-12-20,0
2011-12-21,0
2011-12-22,0
2011-12-23,0
2011-12-24,0
2011-12-25,0
2011-12-26,0
2011-12-27,0
2011-12-28,0
2011-12-29,0
2011-12-30,0
2011-12-31,0
2012-01-01,0
2012-01-02,0
2012-01-03,0
2012-01-04,0
2012-01-05,0
2012-01-06,0
2012-01-07,0
2012-01-08,0
2012-01-09,0
2012-01-10,0
2012-01-11,0
2012-01-12,0
2012-01-13,0
2012-01-14,0
2012-01-15,0
2012-01-16,0
2012-01-17,0
2012-01-18,0
2012-01-19,0
2012-01-20,0
2012-01-21,0
2012-01-22,0
2012-01-23,0
2012-01-24,0
2012-01-25,0
2012-01-26,0
2012-01-27,0
2012-01-28,0
2012-01-29,0
2012-01-30,0
2012-01-31,0
2012-02-01,0
2012-02-02,0
2012-02-03,0
2012-02-04,0
2012-02-05,0
2012-02-06,0
2012-02-07,0
2012-02-08,0
2012-02-09,0
2012-02-10,0
2012-02-11,0
2012-02-12,0
2012-02-13,0
2012-02-14,0
2012-02-15,0
2012-02-16,0
2012-02-17,0
2012-02-18,0
2012-02-19,0
2012-02-20,0
2012-02-21,0
2012-02-22,0
2012-02-23,0
2012-02-24,0
2012-02-25,0
2012-02-26,0
2012-02-27,0
2012-02-28,0
2012-02-29,0
2012-03-01,0
2012-03-02,0
2012-03-03,0
2012-03-04,0
2012-03-05,0
2012-03-06,0
2012-03-07,0
2012-03-08,0
2012-03-09,0
2012-03-10,0
2012-03-11,0
2012-03-12,0
2012-03-13,0
2012-03-14,0
2012-03-15,0
2012-03-16,0
2012-03-17,0
2012-03-18,0
2012-03-19,0
2012-03-20,0
2012-03-21,0
2012-03-22,0
2012-03-23,0
2012-03-24,0
2012-03-25,0
2012-03-26,0
2012-03-27,0
2012-03-28,0
2012-03-29,0
2012-03-30,0
2012-03-31,0
2012-04-01,0
2012-04-02,0
2012-04-03,0
2012-04-04,0
2012-04-05,0
2012-04-06,0
2012-04-07,0
2012-04-08,0
2012-04-09,0
2012-04-10,0
2012-04-11,0
2012-04-12,0
2012-04-13,0
2012-04-14,0
2012-04-15,0
2012-04-16,0
2012-04-17,0
2012-04-18,0
2012-04-19,0
2012-04-20,0
2012-04-21,0
2012-04-22,0
2012-04-23,0
2012-04-24,0
2012-04-25,0
2012-04-26,0
2012-04-27,0
2012-04-28,0
2012-04-29,0
2012-04-30,0
2012-05-01,0
2012-05-02,0
2012-05-03,0
2012-05-04,0
2012-05-05,0
2012-05-06,0
2012-05-07,0
2012-05-08,0
2012-05-09,0
2012-05-10,0
2012-05-11,0
2012-05-12,0
2012-05-13,0
2012-05-14,0
2012-05-15,0
2012-05-16,0
2012-05-17,0
2012-05-18,0
2012-05-19,0
2012-05-20,0
2012-05-21,0
2012-05-22,0
2012-05-23,0
2012-05-24,0
2012-05-25,0
2012-05-26,0
2012-05-27,0
2012-05-28,0
2012-05-29,0
2012-05-30,0
2012-05-31,0
2012-06-01,0
2012-06-02,0
2012-06-03,0
2012-06-04,0
2012-06-05,0
2012-06-06,0
2012-06-07,0
2012-06-08,0
2012-06-09,0
2012-06-10,0
2012-06-11,0
2012-06-12,0
2012-06-13,0
2012-06-14,0
2012-06-15,0
2012-06-16,0
2012-06-17,0
2012-06-18,0
2012-06-19,0
2012-06-20,0
2012-06-21,0
2012-06-22,0
2012-06-23,0
2012-06-24,0
2012-06-25,0
2012-06-26,0
2012-06-27,0
2012-06-28,0
2012-06-29,0
2012-06-30,0
2012-07-01,0
2012-07-02,0
2012-07-03,0
2012-07-04,0
2012-07-05,0
2012-07-06,0
2012-07-07,0
2012-07-08,0
2012-07-09,0
2012-07-10,0
2012-07-11,0
2012-07-12,0
2012-07-13,0
2012-07-14,0
2012-07-15,0
2012-07-16,0
2012-07-17,0
2012-07-18,0
2012-07-19,0
2012-07-20,0
2012-07-21,0
2012-07-22,0
2012-07-23,0
2012-07-24,0
2012-07-25,0
2012-07-26,0
2012-07-27,0
2012-07-28,0
2012-07-29,0
2012-07-30,0
2012-07-31,0
2012-08-01,0
2012-08-02,0
2012-08-03,0
2012-08-04,0
2012-08-05,0
2012-08-06,0
2012-08-07,0
2012-08-08,0
2012-08-09,0
2012-08-10,0
2012-08-11,0
2012-08-12,0
2012-08-13,0
2012-08-14,0
2012-08-15,0
2012-08-16,0
2012-08-17,0
2012-08-18,0
2012-08-19,0
2012-08-20,0
2012-08-21,0
2012-08-22,0
2012-08-23,0
2012-08-24,0
2012-08-25,0
2012-08-26,0
2012-08-27,0
2012-08-28,0
2012-08-29,0
2012-08-30,0
2012-08-31,0
2012-09-01,0
2012-09-02,0
2012-09-03,0
2012-09-04,0
2012-09-05,0
2012-09-06,0
2012-09-07,0
2012-09-08,0
2012-09-09,0
2012-09-10,0
2012-09-11,0
2012-09-12,0
2012-09-13,0
2012-09-14,0
2012-09-15,0
2012-09-16,0
2012-09-17,0
2012-09-18,0
2012-09-19,0
2012-09-20,0
2012-09-21,0
2012-09-22,0
2012-09-23,0
2012-09-24,0
2012-09-25,0
2012-09-26,0
2012-09-27,0
2012-09-28,0
2012-09-29,0
2012-09-30,0
2012-10-01,0
2012-10-02,0
2012-10-03,0
2012-10-04,0
2012-10-05,0
2012-10-06,0
2012-10-07,0
2012-10-08,0
2012-10-09,0
2012-10-10,0
2012-10-11,0
2012-10-12,0
2012-10-13,0
2012-10-14,0
2012-10-15,0
2012-10-16,0
2012-10-17,0
2012-10-18,0
2012-10-19,0
2012-10-20,0
2012-10-21,0
2012-10-22,0
2012-10-23,0
2012-10-24,0
2012-10-25,0
2012-10-26,0
2012-10-27,0
2012-10-28,0
2012-10-29,0
2012-10-30,0
2012-10-31,0
2012-11-01,0
2012-11-02,0
2012-11-03,0
2012-11-04,0
2012-11-05,0
2012-11-06,0
2012-11-07,0
2012-11-08,0
2012-11-09,0
2012-11-10,0
2012-11-11,0
2012-11-12,0
2012-11-13,0
2012-11-14,0
2012-11-15,0
2012-11-16,0
2012-11-17,0
2012-11-18,0
2012-11-19,0
2012-11-20,0
2012-11-21,0
2012-11-22,0
2012-11-23,0
2012-11-24,0
2012-11-25,0
2012-11-26,0
2012-11-27,0
2012-11-28,0
2012-11-29,0
2012-11-30,0
2012-12-01,0
2012-12-02,0
2012-12-03,0
2012-12-04,0
2012-12-05,0
2012-12-06,0
2012-12-07,0
2012-12-08,0
2012-12-09,0
2012-12-10,0
2012-12-11,0
2012-12-12,0
2012-12-13,0
2012-12-14,0
2012-12-15,0
2012-12-16,0
2012-12-17,0
2012-12-18,0
2012-12-19,0
2012-12-20,0
2012-12-21,0
2012-12-22,0
2012-12-23,0
2012-12-24,0
2012-12-25,0
2012-12-26,0
2012-12-27,0
2012-12-28,0
2012-12-29,0
2012-12-30,0
2012-12-31,0
2013-01-01,0
2013-01-02,0
2013-01-03,0
2013-01-04,0
2013-01-05,0
2013-01-06,0
2013-01-07,0
2013-01-08,0
2013-01-09,0
2013-01-10,0
2013-01-11,0
2013-01-12,0
2013-01-13,0
2013-01-14,0
2013-01-15,0
2013-01-16,0
2013-01-17,0
2013-01-18,0
2013-01-19,0
2013-01-20,0
2013-01-21,0
2013-01-22,0
2013-01-23,0
2013-01-24,0
2013-01-25,0
2013-01-26,0
2013-01-27,0
2013-01-28,0
2013-01-29,0
2013-01-30,0
2013-01-31,0
2013-02-01,0
2013-02-02,0
2013-02-03,0
2013-02-04,0
2013-02-05,0
2013-02-06,0
2013-02-07,0
2013-02-08,0
2013-02-09,0
2013-02-10,0
2013-02-11,0
2013-02-12,0
2013-02-13,0
2013-02-14,0
2013-02-15,0
2013-02-16,0
2013-02-17,0
2013-02-18,0
2013-02-19,0
2013-02-20,0
2013-02-21,0
2013-02-22,0
2013-02-23,0
2013-02-24,0
2013-02-25,0
2013-02-26,0
2013-02-27,0
2013-02-28,0
2013-03-01,0
2013-03-02,0
2013-03-03,0
2013-03-04,0
2013-03-05,0
2013-03-06,0
2013-03-07,0
2013-03-08,0
2013-03-09,0
2013-03-10,0
2013-03-11,0
2013-03-12,0
2013-03-13,0
2013-03-14,0
2013-03-15,0
2013-03-16,0
2013-03-17,0
2013-03-18,0
2013-03-19,0
2013-03-20,0
2013-03-21,0
2013-03-22,0
2013-03-23,0
2013-03-24,0
2013-03-25,0
2013-03-26,0
2013-03-27,0
2013-03-28,0
2013-03-29,0
2013-03-30,0
2013-03-31,0
2013-04-01,0
2013-04-02,0
2013-04-03,0
2013-04-04,0
2013-04-05,0
2013-04-06,0
2013-04-07,0
2013-04-08,0
2013-04-09,0
2013-04-10,0
2013-04-11,0
2013-04-12,0
2013-04-13,0
2013-04-14,0
2013-04-15,0
2013-04-16,0
2013-04-17,0
2013-04-18,0
2013-04-19,0
2013-04-20,0
2013-04-21,0
2013-04-22,0
2013-04-23,0
2013-04-24,0
2013-04-25,0
2013-04-26,0
2013-04-27,0
2013-04-28,0
2013-04-29,0
2013-04-30,0
2013-05-01,0
2013-05-02,0
2013-05-03,0
2013-05-04,0
2013-05-05,0
2013-05-06,0
2013-05-07,0
2013-05-08,0
2013-05-09,0
2013-05-10,0
2013-05-11,0
2013-05-12,0
2013-05-13,0
2013-05-14,0
2013-05-15,0
2013-05-16,0
2013-05-17,0
2013-05-18,0
2013-05-19,0
2013-05-20,0
2013-05-21,0
2013-05-22,0
2013-05-23,0
2013-05-24,0
2013-05-25,0
2013-05-26,0
2013-05-27,0
2013-05-28,0
2013-05-29,0
2013-05-30,0
2013-05-31,0
2013-06-01,0
2013-06-02,0
2013-06-03,0
2013-06-04,0
2013-06-05,0
2013-06-06,0
2013-06-07,0
2013-06-08,0
2013-06-09,0
2013-06-10,0
2013-06-11,0
2013-06-12,0
2013-06-13,0
2013-06-14,0
2013-06-15,0
2013-06-16,0
2013-06-17,0
2013-06-18,0
2013-06-19,0
2013-06-20,0
2013-06-21,0
2013-06-22,0
2013-06-23,0
2013-06-24,0
2013-06-25,0
2013-06-26,0
2013-06-27,0
2013-06-28,0
2013-06-29,0
2013-06-30,0
2013-07-01,0
2013-07-02,0
2013-07-03,0
2013-07-04,0
2013-07-05,0
2013-07-06,0
2013-07-07,0
2013-07-08,0
2013-07-09,0
2013-07-10,0
2013-07-11,0
2013-07-12,0
2013-07-13,0
2013-07-14,0
2013-07-15,0
2013-07-16,0
2013-07-17,0
2013-07-18,0
2013-07-19,0
2013-07-20,0
2013-07-21,0
2013-07-22,0
2013-07-23,0
2013-07-24,0
2013-07-25,0
2013-07-26,0
2013-07-27,0
2013-07-28,0
2013-07-29,0
2013-07-30,0
2013-07-31,0
2013-08-01,0
2013-08-02,0
2013-08-03,0
2013-08-04,0
2013-08-05,0
2013-08-06,0
2013-08-07,0
2013-08-08,0
2013-08-09,0
2013-08-10,0
2013-08-11,0
2013-08-12,0
2013-08-13,0
2013-08-14,0
2013-08-15,0
2013-08-16,0
2013-08-17,0
2013-08-18,0
2013-08-19,0
2013-08-20,0
2013-08-21,0
2013-08-22,0
2013-08-23,0
2013-08-24,0
2013-08-25,0
2013-08-26,0
2013-08-27,0
2013-08-28,0
2013-08-29,0
2013-08-30,0
2013-08-31,0
2013-09-01,0
2013-09-02,0
2013-09-03,0
2013-09-04,0
2013-09-05,0
2013-09-06,0
2013-09-07,0
2013-09-08,0
2013-09-09,0
2013-09-10,0
2013-09-11,0
2013-09-12,0
2013-09-13,0
2013-09-14,0
2013-09-15,0
2013-09-16,0
2013-09-17,0
2013-09-18,0
2013-09-19,0
2013-09-20,0
2013-09-21,0
2013-09-22,0
2013-09-23,0
2013-09-24,0
2013-09-25,0
2013-09-26,0
2013-09-27,0
2013-09-28,0
2013-09-29,0
2013-09-30,0
2013-10-01,0
2013-10-02,0
2013-10-03,0
2013-10-04,0
2013-10-05,0
2013-10-06,0
2013-10-07,0
2013-10-08,0
2013-10-09,0
2013-10-10,0
2013-10-11,0
2013-10-12,0
2013-10-13,0
2013-10-14,0
2013-10-15,0
2013-10-16,0
2013-10-17,0
2013-10-18,0
2013-10-19,0
2013-10-20,0
2013-10-21,0
2013-10-22,0
2013-10-23,0
2013-10-24,0
2013-10-25,0
2013-10-26,0
2013-10-27,0
2013-10-28,0
2013-10-29,0
2013-10-30,0
2013-10-31,0
2013-11-01,0
2013-11-02,0
2013-11-03,0
2013-11-04,0
2013-11-05,0
2013-11-06,0
2013-11-07,0
2013-11-08,0
2013-11-09,0
2013-11-10,0
2013-11-11,0
2013-11-12,0
2013-11-13,0
2013-11-14,0
2013-11-15,0
2013-11-16,0
2013-11-17,0
2013-11-18,0
2013-11-19,0
2013-11-20,0
2013-11-21,0
2013-11-22,0
2013-11-23,0
2013-11-24,0
2013-11-25,0
2013-11-26,0
2013-11-27,0
2013-11-28,0
2013-11-29,0
2013-11-30,0
2013-12-01,0
2013-12-02,0
2013-12-03,0
2013-12-04,0
2013-12-05,0
2013-12-06,0
2013-12-07,0
2013-12-08,0
2013-12-09,0
2013-12-10,0
2013-12-11,0
2013-12-12,0
2013-12-13,0
2013-12-14,0
2013-12-15,0
2013-12-16,0
2013-12-17,0
2013-12-18,0
2013-12-19,0
2013-12-20,0
2013-12-21,0
2013-12-22,0
2013-12-23,0
2013-12-24,0
2013-12-25,0
2013-12-26,0
2013-12-27,0
2013-12-28,0
2013-12-29,0
2013-12-30,0
2013-12-31,0
2014-01-01,0
2014-01-02,0
2014-01-03,0
2014-01-04,0
2014-01-05,0
2014-01-06,0
2014-01-07,0
2014-01-08,0
2014-01-09,0
2014-01-10,0
2014-01-11,0
2014-01-12,0
2014-01-13,0
2014-01-14,0
2014-01-15,0
2014-01-16,0
2014-01-17,0
2014-01-18,0
2014-01-19,0
2014-01-20,0
2014-01-21,0
2014-01-22,0
2014-01-23,0
2014-01-24,0
2014-01-25,0
2014-01-26,0
2014-01-27,0
2014-01-28,0
2014-01-29,0
2014-01-30,0
2014-01-31,0
2014-02-01,0
2014-02-02,0
2014-02-03,0
2014-02-04,0
2014-02-05,0
2014-02-06,0
2014-02-07,0
2014-02-08,0
2014-02-09,0
2014-02-10,0
2014-02-11,0
2014-02-12,0
2014-02-13,0
2014-02-14,0
2014-02-15,0
2014-02-16,0
2014-02-17,0
2014-02-18,0
2014-02-19,0
2014-02-20,0
2014-02-21,0
2014-02-22,0
2014-02-23,0
2014-02-24,0
2014-02-25,0
2014-02-26,0
2014-02-27,0
2014-02-28,0
2014-03-01,0
2014-03-02,0
2014-03-03,0
2014-03-04,0
2014-03-05,0
2014-03-06,0
2014-03-07,0
2014-03-08,0
2014-03-09,0
2014-03-10,0
2014-03-11,0
2014-03-12,0
2014-03-13,0
2014-03-14,0
2014-03-15,0
2014-03-16,0
2014-03-17,0
2014-03-18,0
2014-03-19,0
2014-03-20,0
2014-03-21,0
2014-03-22,0
2014-03-23,0
2014-03-24,0
2014-03-25,0
2014-03-26,0
2014-03-27,0
2014-03-28,0
2014-03-29,0
2014-03-30,0
2014-03-31,0
2014-04-01,0
2014-04-02,0
2014-04-03,0
2014-04-04,0
2014-04-05,0
2014-04-06,0
2014-04-07,0
2014-04-08,0
2014-04-09,0
2014-04-10,0
2014-04-11,0
2014-04-12,0
2014-04-13,0
2014-04-14,0
2014-04-15,0
2014-04-16,0
2014-04-17,0
2014-04-18,0
2014-04-19,0
2014-04-20,0
2014-04-21,0
2014-04-22,0
2014-04-23,0
2014-04-24,0
2014-04-25,0
2014-04-26,0
2014-04-27,0
2014-04-28,0
2014-04-29,0
2014-04-30,0
2014-05-01,0
2014-05-02,0
2014-05-03,0
2014-05-04,0
2014-05-05,0
2014-05-06,0
2014-05-07,0
2014-05-08,0
2014-05-09,0
2014-05-10,0
2014-05-11,0
2014-05-12,0
2014-05-13,0
2014-05-14,0
2014-05-15,0
2014-05-16,0
2014-05-17,0
2014-05-18,0
2014-05-19,0
2014-05-20,0
2014-05-21,0
2014-05-22,0
2014-05-23,0
2014-05-24,0
2014-05-25,0
2014-05-26,0
2014-05-27,0
2014-05-28,0
2014-05-29,0
2014-05-30,0
2014-05-31,0
2014-06-01,0
2014-06-02,0
2014-06-03,0
2014-06-04,0
2014-06-05,0
2014-06-06,0
2014-06-07,0
2014-06-08,0
2014-06-09,0
2014-06-10,0
2014-06-11,0
2014-06-12,0
2014-06-13,0
2014-06-14,0
2014-06-15,0
2014-06-16,0
2014-06-17,0
2014-06-18,0
2014-06-19,0
2014-06-20,0
2014-06-21,0
2014-06-22,0
2014-06-23,0
2014-06-24,0
2014-06-25,0
2014-06-26,0
2014-06-27,0
2014-06-28,0
2014-06-29,0
2014-06-30,0
2014-07-01,0
2014-07-02,0
2014-07-03,0
2014-07-04,0
2014-07-05,0
2014-07-06,0
2014-07-07,0
2014-07-08,0
2014-07-09,0
2014-07-10,0
2014-07-11,0
2014-07-12,0
2014-07-13,0
2014-07-14,0
2014-07-15,0
2014-07-16,0
2014-07-17,0
2014-07-18,0
2014-07-19,0
2014-07-20,0
2014-07-21,0
2014-07-22,0
2014-07-23,0
2014-07-24,0
2014-07-25,0
2014-07-26,0
2014-07-27,0
2014-07-28,0
2014-07-29,0
2014-07-30,0
2014-07-31,0
2014-08-01,0
2014-08-02,0
2014-08-03,0
2014-08-04,0
2014-08-05,0
2014-08-06,0
2014-08-07,0
2014-08-08,0
2014-08-09,0
2014-08-10,0
2014-08-11,0
2014-08-12,0
2014-08-13,0
2014-08-14,0
2014-08-15,0
2014-08-16,0
2014-08-17,0
2014-08-18,0
2014-08-19,0
2014-08-20,0
2014-08-21,0
2014-08-22,0
2014-08-23,0
2014-08-24,0
2014-08-25,0
2014-08-26,0
2014-08-27,0
2014-08-28,0
2014-08-29,0
2014-08-30,0
2014-08-31,0
2014-09-01,0
2014-09-02,0
2014-09-03,0
2014-09-04,0
2014-09-05,0
2014-09-06,0
2014-09-07,0
2014-09-08,0
2014-09-09,0
2014-09-10,0
2014-09-11,0
2014-09-12,0
2014-09-13,0
2014-09-14,0
2014-09-15,0
2014-09-16,0
2014-09-17,0
2014-09-18,0
2014-09-19,0
2014-09-20,0
2014-09-21,0
2014-09-22,0
2014-09-23,0
2014-09-24,0
2014-09-25,0
2014-09-26,0
2014-09-27,0
2014-09-28,0
2014-09-29,0
2014-09-30,0
2014-10-01,0
2014-10-02,0
2014-10-03,0
2014-10-04,0
2014-10-05,0
2014-10-06,0
2014-10-07,0
2014-10-08,0
2014-10-09,0
2014-10-10,0
2014-10-11,0
2014-10-12,0
2014-10-13,0
2014-10-14,0
2014-10-15,0
2014-10-16,0
2014-10-17,0
2014-10-18,0
2014-10-19,0
2014-10-20,0
2014-10-21,0
2014-10-22,0
2014-10-23,0
2014-10-24,0
2014-10-25,0
2014-10-26,0
2014-10-27,0
2014-10-28,0
2014-10-29,0
2014-10-30,0
2014-10-31,0
2014-11-01,0
2014-11-02,0
2014-11-03,0
2014-11-04,0
2014-11-05,0
2014-11-06,0
2014-11-07,0
2014-11-08,0
2014-11-09,0
2014-11-10,0
2014-11-11,0
2014-11-12,0
2014-11-13,0
2014-11-14,0
2014-11-15,0
2014-11-16,0
2014-11-17,0
2014-11-18,0
2014-11-19,0
2014-11-20,0
2014-11-21,0
2014-11-22,0
2014-11-23,0
2014-11-24,0
2014-11-25,0
2014-11-26,0
2014-11-27,0
2014-11-28,0
2014-11-29,0
2014-11-30,0
2014-12-01,0
2014-12-02,0
2014-12-03,0
2014-12-04,0
2014-12-05,0
2014-12-06,0
2014-12-07,0
2014-12-08,0
2014-12-09,0
2014-12-10,0
2014-12-11,0
2014-12-12,0
2014-12-13,0
2014-12-14,0
2014-12-15,0
2014-12-16,0
2014-12-17,0
2014-12-18,0
2014-12-19,0
2014-12-20,0
2014-12-21,0
2014-12-22,0
2014-12-23,0
2014-12-24,0
2014-12-25,0
2014-12-26,0
2014-12-27,0
2014-12-28,0
2014-12-29,0
2014-12-30,0
2014-12-31,0
2015-01-01,0
2015-01-02,0
2015-01-03,0
2015-01-04,0
2015-01-05,0
2015-01-06,0
2015-01-07,0
2015-01-08,0
2015-01-09,0
2015-01-10,0
2015-01-11,0
2015-01-12,0
2015-01-13,0
2015-01-14,0
2015-01-15,0
2015-01-16,0
2015-01-17,0
2015-01-18,0
2015-01-19,0
2015-01-20,0
2015-01-21,0
2015-01-22,0
2015-01-23,0
2015-01-24,0
2015-01-25,0
2015-01-26,0
2015-01-27,0
2015-01-28,0
2015-01-29,0
2015-01-30,0
2015-01-31,0
2015-02-01,0
2015-02-02,0
2015-02-03,0
2015-02-04,0
2015-02-05,0
2015-02-06,0
2015-02-07,0
2015-02-08,0
2015-02-09,0
2015-02-10,0
2015-02-11,0
2015-02-12,0
2015-02-13,0
2015-02-14,0
2015-02-15,0
2015-02-16,0
2015-02-17,0
2015-02-18,0
2015-02-19,0
2015-02-20,0
2015-02-21,0
2015-02-22,0
2015-02-23,0
2015-02-24,0
2015-02-25,0
2015-02-26,0
2015-02-27,0
2015-02-28,0
2015-03-01,0
2015-03-02,0
2015-03-03,0
2015-03-04,0
2015-03-05,0
2015-03-06,0
2015-03-07,0
2015-03-08,0
2015-03-09,0
2015-03-10,0
2015-03-11,0
2015-03-12,0
2015-03-13,0
2015-03-14,0
2015-03-15,0
2015-03-16,0
2015-03-17,0
2015-03-18,0
2015-03-19,0
2015-03-20,0
2015-03-21,0
2015-03-22,0
2015-03-23,0
2015-03-24,0
2015-03-25,0
2015-03-26,0
2015-03-27,0
2015-03-28,0
2015-03-29,0
2015-03-30,0
2015-03-31,0
2015-04-01,0
2015-04-02,0
2015-04-03,0
2015-04-04,0
2015-04-05,0
2015-04-06,0
2015-04-07,0
2015-04-08,0
2015-04-09,0
2015-04-10,0
2015-04-11,0
2015-04-12,0
2015-04-13,0
2015-04-14,0
2015-04-15,0
2015-04-16,0
2015-04-17,0
2015-04-18,0
2015-04-19,0
2015-04-20,0
2015-04-21,0
2015-04-22,0
2015-04-23,0
2015-04-24,0
2015-04-25,0
2015-04-26,0
2015-04-27,0
2015-04-28,0
2015-04-29,0
2015-04-30,0
2015-05-01,0
2015-05-02,0
2015-05-03,0
2015-05-04,0
2015-05-05,0
2015-05-06,0
2015-05-07,0
2015-05-08,0
2015-05-09,0
2015-05-10,0
2015-05-11,0
2015-05-12,0
2015-05-13,0
2015-05-14,0
2015-05-15,0
2015-05-16,0
2015-05-17,0
2015-05-18,0
2015-05-19,0
2015-05-20,0
2015-05-21,0
2015-05-22,0
2015-05-23,0
2015-05-24,0
2015-05-25,0
2015-05-26,0
2015-05-27,0
2015-05-28,0
2015-05-29,0
2015-05-30,0
2015-05-31,0
2015-06-01,0
2015-06-02,0
2015-06-03,0
2015-06-04,0
2015-06-05,0
2015-06-06,0
2015-06-07,0
2015-06-08,0
2015-06-09,0
2015-06-10,1
2015-06-11,2
2015-06-12,0
2015-06-13,0
2015-06-14,0
2015-06-15,0
2015-06-16,0
2015-06-17,0
2015-06-18,0
2015-06-19,1
2015-06-20,2
2015-06-21,3
2015-06-22,4
2015-06-23,5
2015-06-24,0
2015-06-25,1
2015-06-26,3
2015-06-27,5
2015-06-28,3
2015-06-29,0
2015-06-30,0
2015-07-01,0
2015-07-02,0
2015-07-03,0
2015-07-04,0
2015-07-05,0
2015-07-06,0
2015-07-07,0
2015-07-08,0
2015-07-09,0
2015-07-10,0
2015-07-11,0
2015-07-12,0
2015-07-13,0
2015-07-14,0
2015-07-15,0
2015-07-16,0
2015-07-17,0
2015-07-18,0
2015-07-19,0
2015-07-20,0
2015-07-21,0
2015-07-22,0
2015-07-23,0
2015-07-24,0
2015-07-25,0
2015-07-26,0
2015-07-27,0
2015-07-28,0
2015-07-29,0
2015-07-30,0
2015-07-31,0
2015-08-01,0
2015-08-02,0
2015-08-03,0
2015-08-04,0
2015-08-05,0
2015-08-06,0
2015-08-07,0
2015-08-08,0
2015-08-09,0
2015-08-10,0
2015-08-11,0
2015-08-12,0
2015-08-13,0
2015-08-14,0
2015-08-15,0
2015-08-16,0
2015-08-17,0
2015-08-18,0
2015-08-19,0
2015-08-20,0
2015-08-21,0
2015-08-22,0
2015-08-23,0
2015-08-24,0
2015-08-25,0
2015-08-26,0
2015-08-27,0
2015-08-28,0
2015-08-29,0
2015-08-30,0
2015-08-31,0
2015-09-01,0
2015-09-02,2
2015-09-03,4
2015-09-04,0
2015-09-05,0
2015-09-06,0
2015-09-07,0
2015-09-08,0
2015-09-09,2
2015-09-10,4
2015-09-11,6
2015-09-12,8
2015-09-13,10
2015-09-14,12
2015-09-15,14
2015-09-16,16
2015-09-17,18
2015-09-18,11
2015-09-19,13
2015-09-20,15
2015-09-21,17
2015-09-22,19
2015-09-23,22
2015-09-24,25
2015-09-25,25
2015-09-26,28
2015-09-27,33
2015-09-28,18
2015-09-29,10
2015-09-30,15
2015-10-01,15
2015-10-02,21
2015-10-03,10
2015-10-04,9
2015-10-05,10
2015-10-06,11
2015-10-07,12
2015-10-08,13
2015-10-09,14
2015-10-10,15
2015-10-11,16
2015-10-12,17
2015-10-13,18
2015-10-14,19
2015-10-15,20
2015-10-16,21
2015-10-17,22
2015-10-18,23
2015-10-19,24
2015-10-20,25
2015-10-21,26
2015-10-22,27
2015-10-23,28
2015-10-24,29
2015-10-25,30
2015-10-26,31
2015-10-27,32
2015-10-28,33
2015-10-29,34
2015-10-30,35
2015-10-31,36
2015-11-01,37
2015-11-02,38
2015-11-03,39
2015-11-04,40
2015-11-05,42
2015-11-06,44
2015-11-07,46
2015-11-08,48
2015-11-09,50
2015-11-10,53
2015-11-11,56
2015-11-12,56
2015-11-13,58
2015-11-14,60
2015-11-15,62
2015-11-16,64
2015-11-17,66
2015-11-18,68
2015-11-19,70
2015-11-20,72
2015-11-21,74
2015-11-22,77
2015-11-23,81
2015-11-24,83
2015-11-25,86
2015-11-26,90
2015-11-27,94
2015-11-28,98
2015-11-29,102
2015-11-30,101
2015-12-01,104
2015-12-02,107
2015-12-03,110
2015-12-04,113
2015-12-05,116
2015-12-06,119
2015-12-07,122
2015-12-08,110
2015-12-09,115
2015-12-10,120
2015-12-11,126
2015-12-12,132
2015-12-13,139
2015-12-14,147
2015-12-15,155
2015-12-16,163
2015-12-17,171
2015-12-18,179
2015-12-19,188
2015-12-20,197
2015-12-21,206
2015-12-22,206
2015-12-23,214
2015-12-24,222
2015-12-25,230
2015-12-26,238
2015-12-27,246
2015-12-28,254
2015-12-29,167
2015-12-30,155
2015-12-31,128
2016-01-01,0
2016-01-02,0
2016-01-03,0
2016-01-04,0
2016-01-05,0
2016-01-06,0
2016-01-07,0
2016-01-08,0
2016-01-09,0
2016-01-10,0
2016-01-11,0
2016-01-12,0
2016-01-13,1
2016-01-14,0
2016-01-15,7
2016-01-16,2
2016-01-17,3
2016-01-18,0
2016-01-19,1
2016-01-20,2
2016-01-21,3
2016-01-22,4
2016-01-23,6
2016-01-24,9
2016-01-25,12
2016-01-26,23
2016-01-27,34
2016-01-28,45
2016-01-29,56
2016-01-30,78
2016-01-31,100
2016-02-01,122
2016-02-02,144
2016-02-03,154
2016-02-04,175
2016-02-05,196
2016-02-06,85
2016-02-07,102
2016-02-08,63
2016-02-09,74
2016-02-10,86
2016-02-11,98
2016-02-12,110
2016-02-13,122
2016-02-14,136
2016-02-15,133
2016-02-16,140
2016-02-17,152
2016-02-18,164
2016-02-19,177
2016-02-20,191
2016-02-21,206
2016-02-22,222
2016-02-23,238
2016-02-24,254
2016-02-25,210
2016-02-26,224
2016-02-27,229
2016-02-28,242
2016-02-29,255
2016-03-01,268
2016-03-02,281
2016-03-03,295
2016-03-04,309
2016-03-05,323
2016-03-06,304
2016-03-07,320
2016-03-08,336
2016-03-09,352
2016-03-10,368
2016-03-11,384
2016-03-12,400
2016-03-13,417
2016-03-14,435
2016-03-15,453
2016-03-16,471
2016-03-17,490
2016-03-18,493
2016-03-19,513
2016-03-20,533
2016-03-21,553
2016-03-22,573
2016-03-23,593
2016-03-24,613
2016-03-25,614
2016-03-26,633
2016-03-27,652
2016-03-28,671
2016-03-29,632
2016-03-30,652
2016-03-31,675
2016-04-01,699
2016-04-02,723
2016-04-03,687
2016-04-04,675
2016-04-05,696
2016-04-06,718
2016-04-07,741
2016-04-08,764
2016-04-09,788
2016-04-10,812
2016-04-11,836
2016-04-12,860
2016-04-13,885
2016-04-14,911
2016-04-15,937
2016-04-16,963
2016-04-17,989
2016-04-18,1015
2016-04-19,1009
2016-04-20,1036
2016-04-21,1064
2016-04-22,1093
2016-04-23,1122
2016-04-24,1152
2016-04-25,1182
2016-04-26,1212
2016-04-27,1113
2016-04-28,1043
2016-04-29,1069
2016-04-30,1088
2016-05-01,1113
2016-05-02,1138
2016-05-03,1154
2016-05-04,1182
2016-05-05,1212
2016-05-06,1243
2016-05-07,1276
2016-05-08,1315
2016-05-09,1354
2016-05-10,1390
2016-05-11,1428
2016-05-12,1467
2016-05-13,1494
2016-05-14,1531
2016-05-15,1560
2016-05-16,1596
2016-05-17,1632
2016-05-18,1668
2016-05-19,1642
2016-05-20,1677
2016-05-21,1712
2016-05-22,1747
2016-05-23,1782
2016-05-24,1817
2016-05-25,1854
2016-05-26,1892
2016-05-27,1930
2016-05-28,1968
2016-05-29,2007
2016-05-30,1898
2016-05-31,1934
2016-06-01,1873
2016-06-02,1908
2016-06-03,1943
2016-06-04,1300
2016-06-05,1257
2016-06-06,1194
2016-06-07,1220
2016-06-08,1244
2016-06-09,1263
2016-06-10,1288
2016-06-11,1314
2016-06-12,1342
2016-06-13,1370
2016-06-14,1393
2016-06-15,1415
2016-06-16,1443
2016-06-17,1471
2016-06-18,1455
2016-06-19,1482
2016-06-20,1510
2016-06-21,1538
2016-06-22,1566
2016-06-23,1594
2016-06-24,1623
2016-06-25,1155
2016-06-26,1151
2016-06-27,1065
2016-06-28,1085
2016-06-29,1105
2016-06-30,1125
2016-07-01,1145
2016-07-02,1166
2016-07-03,1187
2016-07-04,1208
2016-07-05,1229
2016-07-06,1250
2016-07-07,1271
2016-07-08,1292
2016-07-09,1313
2016-07-10,1334
2016-07-11,1355
2016-07-12,1376
2016-07-13,1397
2016-07-14,1366
2016-07-15,1386
2016-07-16,1407
2016-07-17,1428
2016-07-18,960
2016-07-19,975
2016-07-20,991
2016-07-21,1007
2016-07-22,1023
2016-07-23,1039
2016-07-24,1055
2016-07-25,1064
2016-07-26,1081
2016-07-27,1098
2016-07-28,1115
2016-07-29,1132
2016-07-30,1150
2016-07-31,1168
2016-08-01,1187
2016-08-02,1206
2016-08-03,1225
2016-08-04,1245
2016-08-05,1265
2016-08-06,1285
2016-08-07,1305
2016-08-08,1326
2016-08-09,1347
2016-08-10,1368
2016-08-11,1391
2016-08-12,1414
2016-08-13,1437
2016-08-14,1325
2016-08-15,1349
2016-08-16,1370
2016-08-17,1393
2016-08-18,1416
2016-08-19,1439
2016-08-20,1462
2016-08-21,1487
2016-08-22,1444
2016-08-23,1468
2016-08-24,1493
2016-08-25,1519
2016-08-26,1545
2016-08-27,1573
2016-08-28,1602
2016-08-29,1632
2016-08-30,1662
2016-08-31,1693
2016-09-01,1724
2016-09-02,1755
2016-09-03,1786
2016-09-04,1817
2016-09-05,1848
2016-09-06,1880
2016-09-07,1910
2016-09-08,1941
2016-09-09,1972
2016-09-10,1700
2016-09-11,1706
2016-09-12,1733
2016-09-13,1760
2016-09-14,1787
2016-09-15,1815
2016-09-16,1849
2016-09-17,1883
2016-09-18,1917
2016-09-19,1952
2016-09-20,1985
2016-09-21,2019
2016-09-22,2053
2016-09-23,2087
2016-09-24,2121
2016-09-25,2156
2016-09-26,2191
2016-09-27,2226
2016-09-28,2261
2016-09-29,2297
2016-09-30,2333
2016-10-01,2370
2016-10-02,2391
2016-10-03,2429
2016-10-04,2464
2016-10-05,2501
2016-10-06,2538
2016-10-07,2575
2016-10-08,2612
2016-10-09,2649
2016-10-10,2686
2016-10-11,2572
2016-10-12,2606
2016-10-13,2641
2016-10-14,2676
2016-10-15,2712
2016-10-16,2749
2016-10-17,2473
2016-10-18,2507
2016-10-19,2542
2016-10-20,2577
2016-10-21,2612
2016-10-22,2647
2016-10-23,2682
2016-10-24,2717
2016-10-25,2752
2016-10-26,2787
2016-10-27,2822
2016-10-28,2857
2016-10-29,2892
2016-10-30,2927
2016-10-31,2962
2016-11-01,2998
2016-11-02,3037
2016-11-03,3076
2016-11-04,3115
2016-11-05,3154
2016-11-06,3193
2016-11-07,3232
2016-11-08,3271
2016-11-09,3310
2016-11-10,3349
2016-11-11,3390
2016-11-12,3431
2016-11-13,3472
2016-11-14,3514
2016-11-15,3556
2016-11-16,3599
2016-11-17,3642
2016-11-18,3681
2016-11-19,3724
2016-11-20,3768
2016-11-21,3812
2016-11-22,3856
2016-11-23,3832
2016-11-24,3879
2016-11-25,3926
2016-11-26,3975
2016-11-27,4025
2016-11-28,4075
2016-11-29,4126
2016-11-30,4177
2016-12-01,4228
2016-12-02,4264
2016-12-03,4315
2016-12-04,4366
2016-12-05,4417
2016-12-06,4468
2016-12-07,4520
2016-12-08,4572
2016-12-09,4624
2016-12-10,4663
2016-12-11,4716
2016-12-12,4767
2016-12-13,4819
2016-12-14,4871
2016-12-15,4914
2016-12-16,4959
2016-12-17,5012
2016-12-18,5065
2016-12-19,5120
2016-12-20,5175
2016-12-21,5228
2016-12-22,5283
2016-12-23,5338
2016-12-24,5394
2016-12-25,4743
2016-12-26,4789
2016-12-27,4835
2016-12-28,4882
2016-12-29,4929
2016-12-30,4983
2016-12-31,5037
2017-01-01,5091
2017-01-02,5145
2017-01-03,5199
2017-01-04,5254
2017-01-05,5310
2017-01-06,5364
2017-01-07,5421
2017-01-08,5479
2017-01-09,5538
2017-01-10,5597
2017-01-11,5656
2017-01-12,5718
2017-01-13,5781
2017-01-14,5846
2017-01-15,5903
2017-01-16,5968
2017-01-17,6033
2017-01-18,6098
2017-01-19,6157
2017-01-20,6221
2017-01-21,6285
2017-01-22,6350
2017-01-23,6415
2017-01-24,6480
2017-01-25,6546
2017-01-26,6612
2017-01-27,6678
2017-01-28,6569
2017-01-29,6502
2017-01-30,6532
2017-01-31,6585
2017-02-01,6642
2017-02-02,6674
2017-02-03,6731
2017-02-04,6788
2017-02-05,6845
2017-02-06,6902
2017-02-07,6960
2017-02-08,7019
2017-02-09,7079
2017-02-10,7141
2017-02-11,7204
2017-02-12,7267
2017-02-13,7323
2017-02-14,7385
2017-02-15,7433
2017-02-16,7461
2017-02-17,7522
2017-02-18,7584
2017-02-19,7647
2017-02-20,7710
2017-02-21,7774
2017-02-22,7838
2017-02-23,7902
2017-02-24,7967
2017-02-25,8032
2017-02-26,8097
2017-02-27,8162
2017-02-28,8228
2017-03-01,8294
2017-03-02,8340
2017-03-03,8405
2017-03-04,8471
2017-03-05,8540
2017-03-06,8609
2017-03-07,8678
2017-03-08,8747
2017-03-09,8817
2017-03-10,8888
2017-03-11,8959
2017-03-12,9034
2017-03-13,9109
2017-03-14,7221
2017-03-15,7277
2017-03-16,7333
2017-03-17,7382
2017-03-18,7438
2017-03-19,7496
2017-03-20,7554
2017-03-21,7610
2017-03-22,7668
2017-03-23,7727
2017-03-24,7786
2017-03-25,7846
2017-03-26,7907
2017-03-27,7968
2017-03-28,8029
2017-03-29,8090
2017-03-30,8152
2017-03-31,8215
2017-04-01,8275
2017-04-02,8338
2017-04-03,8401
2017-04-04,8466
2017-04-05,8529
2017-04-06,8594
2017-04-07,8660
2017-04-08,8707
2017-04-09,8772
2017-04-10,8838
2017-04-11,8904
2017-04-12,8971
2017-04-13,9039
2017-04-14,9107
2017-04-15,9175
2017-04-16,9245
2017-04-17,9316
2017-04-18,9387
2017-04-19,9463
2017-04-20,9540
2017-04-21,9618
2017-04-22,9699
2017-04-23,9765
2017-04-24,9843
2017-04-25,9917
2017-04-26,9994
2017-04-27,10071
2017-04-28,10164
2017-04-29,10258
2017-04-30,10360
2017-05-01,10462
2017-05-02,10564
2017-05-03,10666
2017-05-04,10768
2017-05-05,10873
2017-05-06,10981
2017-05-07,11089
2017-05-08,10966
2017-05-09,10999
2017-05-10,11082
2017-05-11,11122
2017-05-12,11204
2017-05-13,11286
2017-05-14,11368
2017-05-15,11450
2017-05-16,11533
2017-05-17,11617
2017-05-18,11702
2017-05-19,11788
2017-05-20,11874
2017-05-21,11957
2017-05-22,12044
2017-05-23,12131
2017-05-24,12219
2017-05-25,12299
2017-05-26,12386
2017-05-27,12473
2017-05-28,12560
2017-05-29,12647
2017-05-30,12734
2017-05-31,12821
2017-06-01,12900
2017-06-02,12989
2017-06-03,13079
2017-06-04,13169
2017-06-05,13247
2017-06-06,13337
2017-06-07,13427
2017-06-08,13518
2017-06-09,13609
2017-06-10,13700
2017-06-11,13791
2017-06-12,13882
2017-06-13,13890
2017-06-14,13981
2017-06-15,14073
2017-06-16,14166
2017-06-17,14259
2017-06-18,14352
2017-06-19,14445
2017-06-20,14538
2017-06-21,14631
2017-06-22,14725
2017-06-23,14819
2017-06-24,14911
2017-06-25,15004
2017-06-26,15101
2017-06-27,15195
2017-06-28,15291
2017-06-29,15389
2017-06-30,15489
2017-07-01,15589
2017-07-02,15685
2017-07-03,15555
2017-07-04,15644
2017-07-05,15734
2017-07-06,15805
2017-07-07,15767
2017-07-08,15852
2017-07-09,15938
2017-07-10,16024
2017-07-11,16099
2017-07-12,16184
2017-07-13,16271
2017-07-14,16358
2017-07-15,16445
2017-07-16,16533
2017-07-17,16621
2017-07-18,16708
2017-07-19,16796
2017-07-20,16889
2017-07-21,16985
2017-07-22,17081
2017-07-23,17179
2017-07-24,17277
2017-07-25,17368
2017-07-26,17453
2017-07-27,17552
2017-07-28,17640
2017-07-29,17655
2017-07-30,17752
2017-07-31,17850
2017-08-01,17950
2017-08-02,18052
2017-08-03,18098
2017-08-04,17982
2017-08-05,18083
2017-08-06,18184
2017-08-07,18284
2017-08-08,18363
2017-08-09,18463
2017-08-10,18564
2017-08-11,18665
2017-08-12,18738
2017-08-13,18841
2017-08-14,18944
2017-08-15,19040
2017-08-16,19124
2017-08-17,19228
2017-08-18,19333
2017-08-19,19400
2017-08-20,19499
2017-08-21,19600
2017-08-22,19702
2017-08-23,17816
2017-08-24,17916
2017-08-25,18016
2017-08-26,18121
2017-08-27,18226
2017-08-28,18331
2017-08-29,18437
2017-08-30,18546
2017-08-31,18653
2017-09-01,18761
2017-09-02,18872
2017-09-03,18983
2017-09-04,18673
2017-09-05,16283
2017-09-06,15846
2017-09-07,15233
2017-09-08,15325
2017-09-09,15421
2017-09-10,15521
2017-09-11,15078
2017-09-12,15176
2017-09-13,15242
2017-09-14,15336
2017-09-15,15430
2017-09-16,13126
2017-09-17,12323
2017-09-18,12133
2017-09-19,11605
2017-09-20,11673
2017-09-21,11741
2017-09-22,11251
2017-09-23,10672
2017-09-24,10740
2017-09-25,10808
2017-09-26,10876
2017-09-27,10945
2017-09-28,11015
2017-09-29,11085
2017-09-30,11155
2017-10-01,11210
2017-10-02,11279
2017-10-03,11142
2017-10-04,11191
2017-10-05,11257
2017-10-06,11324
2017-10-07,11392
2017-10-08,11460
2017-10-09,11345
2017-10-10,11412
2017-10-11,11480
2017-10-12,11548
2017-10-13,11617
2017-10-14,11689
2017-10-15,10429
2017-10-16,10484
2017-10-17,10540
2017-10-18,10597
2017-10-19,10654
2017-10-20,10711
2017-10-21,10768
2017-10-22,10825
2017-10-23,10820
2017-10-24,10876
2017-10-25,10933
2017-10-26,10919
2017-10-27,10975
2017-10-28,11028
2017-10-29,11084
2017-10-30,11140
2017-10-31,11196
2017-11-01,11252
2017-11-02,11308
2017-11-03,11365
2017-11-04,11422
2017-11-05,11209
2017-11-06,11241
2017-11-07,11295
2017-11-08,11349
2017-11-09,11404
2017-11-10,11459
2017-11-11,11515
2017-11-12,11571
2017-11-13,11621
2017-11-14,11678
2017-11-15,11736
2017-11-16,11794
2017-11-17,11853
2017-11-18,11912
2017-11-19,11971
2017-11-20,12030
2017-11-21,12089
2017-11-22,12148
2017-11-23,12208
2017-11-24,12266
2017-11-25,12326
2017-11-26,12379
2017-11-27,12443
2017-11-28,12503
2017-11-29,12567
2017-11-30,12631
2017-12-01,12695
2017-12-02,12759
2017-12-03,12824
2017-12-04,12889
2017-12-05,12954
2017-12-06,13019
2017-12-07,13084
2017-12-08,13149
2017-12-09,13215
2017-12-10,13261
2017-12-11,13325
2017-12-12,13389
2017-12-13,13454
2017-12-14,13520
2017-12-15,13586
2017-12-16,13653
2017-12-17,13721
2017-12-18,13789
2017-12-19,13857
2017-12-20,13925
2017-12-21,13994
2017-12-22,14062
2017-12-23,14131
2017-12-24,14201
2017-12-25,14271
2017-12-26,14341
2017-12-27,14411
2017-12-28,13867
2017-12-29,13920
2017-12-30,13986
2017-12-31,14052
2018-01-01,10784
2018-01-02,10840
2018-01-03,10897
2018-01-04,10954
2018-01-05,10484
2018-01-06,10538
2018-01-07,10592
2018-01-08,10646
2018-01-09,10700
2018-01-10,10755
2018-01-11,10810
2018-01-12,10865
2018-01-13,10920
2018-01-14,10975
2018-01-15,11030
2018-01-16,11085
2018-01-17,11141
2018-01-18,11198
2018-01-19,11245
2018-01-20,11302
2018-01-21,11359
2018-01-22,11169
2018-01-23,11219
2018-01-24,11270
2018-01-25,11323
2018-01-26,11380
2018-01-27,11437
2018-01-28,11495
2018-01-29,11554
2018-01-30,11613
2018-01-31,11672
2018-02-01,11732
2018-02-02,11795
2018-02-03,11859
2018-02-04,11923
2018-02-05,11987
2018-02-06,12051
2018-02-07,12115
2018-02-08,12179
2018-02-09,12224
2018-02-10,12258
2018-02-11,12323
2018-02-12,12388
2018-02-13,12453
2018-02-14,12487
2018-02-15,12550
2018-02-16,12613
2018-02-17,12677
2018-02-18,12438
2018-02-19,12500
2018-02-20,12562
2018-02-21,12625
2018-02-22,12684
2018-02-23,12734
2018-02-24,12795
2018-02-25,12821
2018-02-26,12881
2018-02-27,12942
2018-02-28,13004
2018-03-01,13067
2018-03-02,13131
2018-03-03,13196
2018-03-04,13262
2018-03-05,13328
2018-03-06,13394
2018-03-07,13461
2018-03-08,13531
2018-03-09,13602
2018-03-10,13622
2018-03-11,13693
2018-03-12,13764
2018-03-13,13829
2018-03-14,13901
2018-03-15,13977
2018-03-16,14054
2018-03-17,14131
2018-03-18,14179
2018-03-19,14240
2018-03-20,14312
2018-03-21,14386
2018-03-22,14461
2018-03-23,14535
2018-03-24,14612
2018-03-25,14686
2018-03-26,13977
2018-03-27,14051
2018-03-28,14129
2018-03-29,14210
2018-03-30,14294
2018-03-31,14380
2018-04-01,14467
2018-04-02,14554
2018-04-03,14642
2018-04-04,14731
2018-04-05,14820
2018-04-06,14910
2018-04-07,15000
2018-04-08,15090
2018-04-09,15180
2018-04-10,15270
2018-04-11,15361
2018-04-12,15453
2018-04-13,15546
2018-04-14,15640
2018-04-15,15486
2018-04-16,15567
2018-04-17,15648
2018-04-18,15683
2018-04-19,15766
2018-04-20,15843
2018-04-21,15923
2018-04-22,16003
2018-04-23,16083
2018-04-24,16163
2018-04-25,16245
2018-04-26,15924
2018-04-27,16007
2018-04-28,16092
2018-04-29,16177
2018-04-30,16262
2018-05-01,16313
2018-05-02,16398
2018-05-03,16486
2018-05-04,16570
2018-05-05,16656
2018-05-06,16743
2018-05-07,16830
2018-05-08,16903
2018-05-09,16990
2018-05-10,17077
2018-05-11,17168
2018-05-12,17257
2018-05-13,17344
2018-05-14,17433
2018-05-15,17522
2018-05-16,17611
2018-05-17,17700
2018-05-18,17791
2018-05-19,17882
2018-05-20,17974
2018-05-21,18067
2018-05-22,18155
2018-05-23,18247
2018-05-24,18340
2018-05-25,18435
2018-05-26,18531
2018-05-27,18506
2018-05-28,18598
2018-05-29,18692
2018-05-30,18787
2018-05-31,18885
2018-06-01,18986
2018-06-02,19080
2018-06-03,19182
2018-06-04,19284
2018-06-05,19386
2018-06-06,19489
2018-06-07,19591
2018-06-08,19694
2018-06-09,19798
2018-06-10,19902
2018-06-11,20007
2018-06-12,20112
2018-06-13,20218
2018-06-14,20284
2018-06-15,20390
2018-06-16,20497
2018-06-17,20604
2018-06-18,20702
2018-06-19,20809
2018-06-20,20911
2018-06-21,21019
2018-06-22,21123
2018-06-23,21230
2018-06-24,21338
2018-06-25,21446
2018-06-26,21527
2018-06-27,21634
2018-06-28,21741
2018-06-29,21850
2018-06-30,21960
2018-07-01,22071
2018-07-02,22182
2018-07-03,22293
2018-07-04,22404
2018-07-05,22517
2018-07-06,22637
2018-07-07,22598
2018-07-08,22717
2018-07-09,11610
2018-07-10,11649
2018-07-11,11688
2018-07-12,11728
2018-07-13,10481
2018-07-14,10520
2018-07-15,10557
2018-07-16,10596
2018-07-17,10635
2018-07-18,10671
2018-07-19,10710
2018-07-20,10752
2018-07-21,10794
2018-07-22,10824
2018-07-23,10865
2018-07-24,10906
2018-07-25,10948
2018-07-26,10991
2018-07-27,11034
2018-07-28,11078
2018-07-29,11122
2018-07-30,11166
2018-07-31,11204
2018-08-01,11243
2018-08-02,11287
2018-08-03,11331
2018-08-04,11376
2018-08-05,11422
2018-08-06,11469
2018-08-07,11516
2018-08-08,11566
2018-08-09,11616
2018-08-10,11667
2018-08-11,11719
2018-08-12,11771
2018-08-13,11736
2018-08-14,11788
2018-08-15,11837
2018-08-16,11889
2018-08-17,11941
2018-08-18,11994
2018-08-19,11995
2018-08-20,12030
2018-08-21,12057
2018-08-22,12104
2018-08-23,12152
2018-08-24,12204
2018-08-25,12257
2018-08-26,12312
2018-08-27,12363
2018-08-28,12408
2018-08-29,12462
2018-08-30,12522
2018-08-31,12584
2018-09-01,12648
2018-09-02,12708
2018-09-03,12771
2018-09-04,12834
2018-09-05,12897
2018-09-06,12961
2018-09-07,13027
2018-09-08,13082
2018-09-09,13109
2018-09-10,13163
2018-09-11,13224
2018-09-12,13286
2018-09-13,13349
2018-09-14,13413
2018-09-15,13476
2018-09-16,13542
2018-09-17,13600
2018-09-18,13665
2018-09-19,13732
2018-09-20,13800
2018-09-21,13868
2018-09-22,13937
2018-09-23,14006
2018-09-24,14075
2018-09-25,14145
2018-09-26,14215
2018-09-27,14285
2018-09-28,14356
2018-09-29,14427
2018-09-30,14238
2018-10-01,14301
2018-10-02,14364
2018-10-03,14427
2018-10-04,14490
2018-10-05,14554
2018-10-06,14619
2018-10-07,14687
2018-10-08,14746
2018-10-09,14810
2018-10-10,14843
2018-10-11,14907
2018-10-12,14973
2018-10-13,15041
2018-10-14,15109
2018-10-15,15174
2018-10-16,15220
2018-10-17,15284
2018-10-18,15350
2018-10-19,15417
2018-10-20,15485
2018-10-21,15554
2018-10-22,15618
2018-10-23,15687
2018-10-24,15756
2018-10-25,15828
2018-10-26,15902
2018-10-27,15977
2018-10-28,16053
2018-10-29,16129
2018-10-30,16206
2018-10-31,16283
2018-11-01,16360
2018-11-02,16438
2018-11-03,16516
2018-11-04,16595
2018-11-05,16675
2018-11-06,16755
2018-11-07,16835
2018-11-08,16916
2018-11-09,16982
2018-11-10,17064
2018-11-11,17147
2018-11-12,17230
2018-11-13,17292
2018-11-14,17195
2018-11-15,17276
2018-11-16,17335
2018-11-17,17416
2018-11-18,17487
2018-11-19,17554
2018-11-20,17296
2018-11-21,17366
2018-11-22,17437
2018-11-23,17510
2018-11-24,17583
2018-11-25,17657
2018-11-26,17731
2018-11-27,17805
2018-11-28,12263
2018-11-29,11465
2018-11-30,11513
2018-12-01,11563
2018-12-02,11195
2018-12-03,11236
2018-12-04,11159
2018-12-05,11201
2018-12-06,11245
2018-12-07,11291
2018-12-08,11339
2018-12-09,11387
2018-12-10,11435
2018-12-11,11484
2018-12-12,11535
2018-12-13,11586
2018-12-14,11638
2018-12-15,11692
2018-12-16,11717
2018-12-17,11768
2018-12-18,11821
2018-12-19,11876
2018-12-20,11923
2018-12-21,11978
2018-12-22,12034
2018-12-23,12021
2018-12-24,12072
2018-12-25,12123
2018-12-26,12174
2018-12-27,12058
2018-12-28,12108
2018-12-29,12159
2018-12-30,12211
2018-12-31,12253
2019-01-01,12304
2019-01-02,12357
2019-01-03,12333
2019-01-04,12385
2019-01-05,12437
2019-01-06,12491
2019-01-07,12545
2019-01-08,12572
2019-01-09,12627
2019-01-10,12683
2019-01-11,12731
2019-01-12,12789
2019-01-13,12847
2019-01-14,12905
2019-01-15,12963
2019-01-16,13021
2019-01-17,13080
2019-01-18,13139
2019-01-19,13204
2019-01-20,13271
2019-01-21,13287
2019-01-22,13350
2019-01-23,13413
2019-01-24,13477
2019-01-25,13541
2019-01-26,13606
2019-01-27,13672
2019-01-28,13738
2019-01-29,13718
2019-01-30,13715
2019-01-31,13773
2019-02-01,13833
2019-02-02,13895
2019-02-03,13957
2019-02-04,14019
2019-02-05,14081
2019-02-06,14143
2019-02-07,14205
2019-02-08,14259
2019-02-09,14320
2019-02-10,14382
2019-02-11,14343
2019-02-12,14400
2019-02-13,14457
2019-02-14,14515
2019-02-15,14573
2019-02-16,14632
2019-02-17,14656
2019-02-18,14713
2019-02-19,14762
2019-02-20,14818
2019-02-21,14876
2019-02-22,14935
2019-02-23,14994
2019-02-24,15053
2019-02-25,15112
2019-02-26,15159
2019-02-27,15219
2019-02-28,15281
2019-03-01,15343
2019-03-02,15405
2019-03-03,15464
2019-03-04,15526
2019-03-05,15588
2019-03-06,15652
2019-03-07,15717
2019-03-08,15781
2019-03-09,15848
2019-03-10,15912
2019-03-11,15980
2019-03-12,16048
2019-03-13,16118
2019-03-14,16190
2019-03-15,16262
2019-03-16,16335
2019-03-17,16408
2019-03-18,16482
2019-03-19,16556
2019-03-20,16631
2019-03-21,16706
2019-03-22,16779
2019-03-23,16860
2019-03-24,16943
2019-03-25,17027
2019-03-26,17112
2019-03-27,17166
2019-03-28,16683
2019-03-29,16754
2019-03-30,16836
2019-03-31,16918
2019-04-01,17000
2019-04-02,17082
2019-04-03,17164
2019-04-04,17246
2019-04-05,17329
2019-04-06,17413
2019-04-07,17497
2019-04-08,17558
2019-04-09,17641
2019-04-10,17725
2019-04-11,17809
2019-04-12,17893
2019-04-13,17980
2019-04-14,18067
2019-04-15,17945
2019-04-16,18024
2019-04-17,18105
2019-04-18,18187
2019-04-19,18265
2019-04-20,18348
2019-04-21,17313
2019-04-22,17395
2019-04-23,17467
2019-04-24,17546
2019-04-25,17625
2019-04-26,17704
2019-04-27,17783
2019-04-28,17862
2019-04-29,17943
2019-04-30,17933
2019-05-01,18019
2019-05-02,18105
2019-05-03,18191
2019-05-04,18278
2019-05-05,18236
2019-05-06,18317
2019-05-07,18398
2019-05-08,18479
2019-05-09,18560
2019-05-10,18642
2019-05-11,18724
2019-05-12,18806
2019-05-13,18889
2019-05-14,18972
2019-05-15,19056
2019-05-16,19133
2019-05-17,19217
2019-05-18,19302
2019-05-19,19314
2019-05-20,19398
2019-05-21,19482
2019-05-22,19561
2019-05-23,19645
2019-05-24,19729
2019-05-25,19814
2019-05-26,19900
2019-05-27,19987
2019-05-28,20074
2019-05-29,20161
2019-05-30,20249
2019-05-31,20338
2019-06-01,20427
2019-06-02,20516
2019-06-03,20605
2019-06-04,20622
2019-06-05,20710
2019-06-06,20798
2019-06-07,20886
2019-06-08,20974
2019-06-09,21062
2019-06-10,21150
2019-06-11,21238
2019-06-12,21329
2019-06-13,21422
2019-06-14,21515
2019-06-15,21081
2019-06-16,21173
2019-06-17,21262
2019-06-18,21355
2019-06-19,21451
2019-06-20,21554
2019-06-21,21659
2019-06-22,21765
2019-06-23,21878
2019-06-24,21992
2019-06-25,22107
2019-06-26,22210
2019-06-27,21825
2019-06-28,21914
2019-06-29,22004
2019-06-30,22094
2019-07-01,22181
2019-07-02,22271
2019-07-03,22362
2019-07-04,22453
2019-07-05,22544
2019-07-06,22635
2019-07-07,22728
2019-07-08,22821
2019-07-09,22900
2019-07-10,22992
2019-07-11,23084
2019-07-12,23177
2019-07-13,23271
2019-07-14,23128
2019-07-15,23213
2019-07-16,23299
2019-07-17,23385
2019-07-18,23468
2019-07-19,23554
2019-07-20,23642
2019-07-21,23728
2019-07-22,23817
2019-07-23,23902
2019-07-24,23923
2019-07-25,24010
2019-07-26,24097
2019-07-27,24184
2019-07-28,24271
2019-07-29,24358
2019-07-30,24445
2019-07-31,24533
2019-08-01,24621
2019-08-02,24633
2019-08-03,24724
2019-08-04,24816
2019-08-05,24893
2019-08-06,24977
2019-08-07,25067
2019-08-08,25151
2019-08-09,25242
2019-08-10,25334
2019-08-11,25374
2019-08-12,25466
2019-08-13,25538
2019-08-14,25627
2019-08-15,25717
2019-08-16,25807
2019-08-17,25898
2019-08-18,25989
2019-08-19,26081
2019-08-20,26173
2019-08-21,26266
2019-08-22,26360
2019-08-23,26454
2019-08-24,26540
2019-08-25,26638
2019-08-26,26736
2019-08-27,26834
2019-08-28,26932
2019-08-29,27030
2019-08-30,27128
2019-08-31,27227
2019-09-01,26029
2019-09-02,26117
2019-09-03,26213
2019-09-04,26288
2019-09-05,26390
2019-09-06,26494
2019-09-07,26601
2019-09-08,26708
2019-09-09,26812
2019-09-10,26910
2019-09-11,27016
2019-09-12,27122
2019-09-13,27229
2019-09-14,27336
2019-09-15,27443
2019-09-16,27550
2019-09-17,27657
2019-09-18,27764
2019-09-19,27871
2019-09-20,27978
2019-09-21,28042
2019-09-22,28149
2019-09-23,28256
2019-09-24,28360
2019-09-25,28466
2019-09-26,28572
2019-09-27,28679
2019-09-28,28786
2019-09-29,28885
2019-09-30,28991
2019-10-01,29092
2019-10-02,29197
2019-10-03,29303
2019-10-04,29409
2019-10-05,29518
2019-10-06,29632
2019-10-07,29727
2019-10-08,29837
2019-10-09,29922
2019-10-10,30037
2019-10-11,30156
2019-10-12,30281
2019-10-13,30409
2019-10-14,30538
2019-10-15,30671
2019-10-16,30807
2019-10-17,30944
2019-10-18,31083
2019-10-19,31225
2019-10-20,31367
2019-10-21,31509
2019-10-22,31652
2019-10-23,31795
2019-10-24,31938
2019-10-25,32081
2019-10-26,32224
2019-10-27,32370
2019-10-28,31866
2019-10-29,31983
2019-10-30,32070
2019-10-31,32184
2019-11-01,32298
2019-11-02,32413
2019-11-03,32529
2019-11-04,32444
2019-11-05,32559
2019-11-06,32675
2019-11-07,32792
2019-11-08,32909
2019-11-09,33026
2019-11-10,33143
2019-11-11,33260
2019-11-12,33377
2019-11-13,33496
2019-11-14,33615
2019-11-15,33735
2019-11-16,33856
2019-11-17,33978
2019-11-18,34100
2019-11-19,34222
2019-11-20,34344
2019-11-21,34467
2019-11-22,34290
2019-11-23,34412
2019-11-24,34537
2019-11-25,34662
2019-11-26,34787
2019-11-27,34913
2019-11-28,35010
2019-11-29,35107
2019-11-30,35234
2019-12-01,35361
2019-12-02,35490
2019-12-03,35619
2019-12-04,35748
2019-12-05,35877
2019-12-06,36006
2019-12-07,36137
2019-12-08,36269
2019-12-09,36402
2019-12-10,36535
2019-12-11,36512
2019-12-12,36646
2019-12-13,36739
2019-12-14,36871
2019-12-15,37003
2019-12-16,37135
2019-12-17,37267
2019-12-18,37401
2019-12-19,37535
2019-12-20,37670
2019-12-21,37805
2019-12-22,37941
2019-12-23,38078
2019-12-24,38216
2019-12-25,38354
2019-12-26,38492
2019-12-27,38630
2019-12-28,38768
2019-12-29,38907
2019-12-30,39027
2019-12-31,39164
2020-01-01,39287
2020-01-02,39424
2020-01-03,39561
2020-01-04,39701
2020-01-05,39841
2020-01-06,39981
2020-01-07,40121
2020-01-08,40261
2020-01-09,40401
2020-01-10,40542
2020-01-11,40684
2020-01-12,40826
2020-01-13,40968
2020-01-14,41110
2020-01-15,41235
2020-01-16,41376
2020-01-17,41518
2020-01-18,41659
2020-01-19,41804
2020-01-20,41949
2020-01-21,42094
2020-01-22,42240
2020-01-23,42386
2020-01-24,42532
2020-01-25,42678
2020-01-26,42826
2020-01-27,42974
2020-01-28,43122
2020-01-29,43270
2020-01-30,43418
2020-01-31,43566
2020-02-01,43715
2020-02-02,43864
2020-02-03,44013
2020-02-04,44152
2020-02-05,44300
2020-02-06,44449
2020-02-07,44599
2020-02-08,44749
2020-02-09,44899
2020-02-10,45049
2020-02-11,45194
2020-02-12,45331
2020-02-13,45479
2020-02-14,45627
2020-02-15,45775
2020-02-16,45923
2020-02-17,46071
2020-02-18,46220
2020-02-19,46369
2020-02-20,46519
2020-02-21,46669
2020-02-22,46819
2020-02-23,46970
2020-02-24,47121
2020-02-25,47272
2020-02-26,47424
2020-02-27,47576
2020-02-28,47729
2020-02-29,47882
2020-03-01,48036
2020-03-02,48190
2020-03-03,48344
2020-03-04,48500
2020-03-05,48658
2020-03-06,48816
2020-03-07,48974
2020-03-08,49113
2020-03-09,49269
2020-03-10,49427
2020-03-11,49585
2020-03-12,49743
2020-03-13,49902
2020-03-14,50061
2020-03-15,50220
2020-03-16,50379
2020-03-17,50538
2020-03-18,50697
2020-03-19,50856
2020-03-20,51016
2020-03-21,51176
2020-03-22,51337
2020-03-23,51498
2020-03-24,51660
2020-03-25,51821
2020-03-26,51984
2020-03-27,52148
2020-03-28,52313
2020-03-29,52478
2020-03-30,52643
2020-03-31,52808
2020-04-01,52973
2020-04-02,53020
2020-04-03,53175
2020-04-04,53338
2020-04-05,53502
2020-04-06,53666
2020-04-07,53499
2020-04-08,53662
2020-04-09,53826
2020-04-10,53990
2020-04-11,54154
2020-04-12,54318
2020-04-13,54483
2020-04-14,54648
2020-04-15,54813
2020-04-16,54979
2020-04-17,55145
2020-04-18,55311
2020-04-19,55477
2020-04-20,55643
2020-04-21,55796
2020-04-22,55962
2020-04-23,56128
2020-04-24,56295
2020-04-25,56463
2020-04-26,56633
2020-04-27,56780
2020-04-28,55592
2020-04-29,55761
2020-04-30,55931
2020-05-01,56103
2020-05-02,56278
2020-05-03,56454
2020-05-04,56631
2020-05-05,56809
2020-05-06,56547
2020-05-07,56726
2020-05-08,56906
2020-05-09,57087
2020-05-10,57268
2020-05-11,57449
2020-05-12,57630
2020-05-13,57811
2020-05-14,57986
2020-05-15,58167
2020-05-16,58348
2020-05-17,58530
2020-05-18,58712
2020-05-19,58894
2020-05-20,59078
2020-05-21,59262
2020-05-22,59446
2020-05-23,59630
2020-05-24,59814
2020-05-25,59999
2020-05-26,60184
2020-05-27,60369
2020-05-28,60555
2020-05-29,60742
2020-05-30,60892
2020-05-31,61078
2020-06-01,61264
2020-06-02,61450
2020-06-03,61636
2020-06-04,61822
2020-06-05,62008
2020-06-06,62197
2020-06-07,62387
2020-06-08,62577
2020-06-09,62767
2020-06-10,62143
2020-06-11,62331
2020-06-12,62519
2020-06-13,62708
2020-06-14,62895
2020-06-15,63083
2020-06-16,63254
2020-06-17,63444
2020-06-18,63636
2020-06-19,63830
2020-06-20,64026
2020-06-21,64222
2020-06-22,63268
2020-06-23,63464
2020-06-24,63661
2020-06-25,63859
2020-06-26,64058
2020-06-27,64257
2020-06-28,64456
2020-06-29,64655
2020-06-30,64854
2020-07-01,65054
2020-07-02,65252
2020-07-03,65454
2020-07-04,65657
2020-07-05,65857
2020-07-06,66059
2020-07-07,66261
2020-07-08,66463
2020-07-09,66666
2020-07-10,66870
2020-07-11,67074
2020-07-12,67278
2020-07-13,67482
2020-07-14,67686
2020-07-15,67877
2020-07-16,68081
2020-07-17,68286
2020-07-18,68492
2020-07-19,68698
2020-07-20,68904
2020-07-21,69110
2020-07-22,69316
2020-07-23,69523
2020-07-24,69730
2020-07-25,69937
2020-07-26,70146
2020-07-27,70355
2020-07-28,70564
2020-07-29,70775
2020-07-30,70978
2020-07-31,71189
2020-08-01,71400
2020-08-02,71606
2020-08-03,71816
2020-08-04,72026
2020-08-05,72236
2020-08-06,72447
2020-08-07,72660
2020-08-08,72875
2020-08-09,73091
2020-08-10,72718
2020-08-11,72927
2020-08-12,73142
2020-08-13,73358
2020-08-14,73575
2020-08-15,73793
2020-08-16,74016
2020-08-17,74239
2020-08-18,74462
2020-08-19,74685
2020-08-20,74909
2020-08-21,75135
2020-08-22,75361
2020-08-23,56238
2020-08-24,48889
2020-08-25,26861
2020-08-26,26793
2020-08-27,26552
2020-08-28,26598
2020-08-29,26652
2020-08-30,26663
2020-08-31,26714
2020-09-01,26765
2020-09-02,26818
2020-09-03,26871
2020-09-04,26924
2020-09-05,26980
2020-09-06,27036
2020-09-07,27093
2020-09-08,27148
2020-09-09,27204
2020-09-10,27259
2020-09-11,27320
2020-09-12,27382
2020-09-13,27444
2020-09-14,27477
2020-09-15,27538
2020-09-16,27595
2020-09-17,27661
2020-09-18,27729
2020-09-19,27798
2020-09-20,27384
2020-09-21,27453
2020-09-22,27509
2020-09-23,27571
2020-09-24,27603
2020-09-25,27668
2020-09-26,27734
2020-09-27,27802
2020-09-28,27871
2020-09-29,27940
2020-09-30,28009
2020-10-01,28082
2020-10-02,28153
2020-10-03,28227
2020-10-04,28300
2020-10-05,28376
2020-10-06,28404
2020-10-07,28481
2020-10-08,28548
2020-10-09,28626
2020-10-10,28705
2020-10-11,28780
2020-10-12,28830
2020-10-13,28907
2020-10-14,28978
2020-10-15,29055
2020-10-16,29134
2020-10-17,29196
2020-10-18,29276
2020-10-19,29356
2020-10-20,29403
2020-10-21,29485
2020-10-22,29562
2020-10-23,29644
2020-10-24,29727
2020-10-25,29810
2020-10-26,29893
2020-10-27,29976
2020-10-28,30060
2020-10-29,30145
2020-10-30,30230
2020-10-31,30315
2020-11-01,30401
2020-11-02,30452
2020-11-03,30536
2020-11-04,30620
2020-11-05,30707
2020-11-06,30794
2020-11-07,30881
2020-11-08,30968
2020-11-09,31057
2020-11-10,31147
2020-11-11,31238
2020-11-12,31329
2020-11-13,31420
2020-11-14,31511
2020-11-15,31603
2020-11-16,31696
2020-11-17,31776
2020-11-18,31869
2020-11-19,31965
2020-11-20,32055
2020-11-21,32150
2020-11-22,32245
2020-11-23,32340
2020-11-24,32428
2020-11-25,32524
2020-11-26,32621
2020-11-27,32718
2020-11-28,32816
2020-11-29,32914
2020-11-30,33012
2020-12-01,33111
2020-12-02,32406
2020-12-03,32506
2020-12-04,32610
2020-12-05,32688
2020-12-06,32360
2020-12-07,32247
2020-12-08,32309
2020-12-09,32398
2020-12-10,32487
2020-12-11,32577
2020-12-12,32668
2020-12-13,32756
2020-12-14,32846
2020-12-15,32939
2020-12-16,33033
2020-12-17,33127
2020-12-18,33223
2020-12-19,33319
2020-12-20,33415
2020-12-21,33511
2020-12-22,33607
2020-12-23,33704
2020-12-24,33801
2020-12-25,33898
2020-12-26,33984
2020-12-27,34082
2020-12-28,34181
2020-12-29,33302
2020-12-30,33400
2020-12-31,33498
2021-01-01,33597
2021-01-02,33696
2021-01-03,33795
2021-01-04,33894
2021-01-05,33993
2021-01-06,33973
2021-01-07,34072
2021-01-08,34172
2021-01-09,34273
2021-01-10,34376
2021-01-11,34479
2021-01-12,34582
2021-01-13,34686
2021-01-14,34791
2021-01-15,34897
2021-01-16,35004
2021-01-17,35111
2021-01-18,35191
2021-01-19,35292
2021-01-20,35399
2021-01-21,35508
2021-01-22,35562
2021-01-23,35672
2021-01-24,35782
2021-01-25,35890
2021-01-26,36001
2021-01-27,36108
2021-01-28,36222
2021-01-29,36336
2021-01-30,36451
2021-01-31,36559
2021-02-01,36673
2021-02-02,36788
2021-02-03,36903
2021-02-04,37020
2021-02-05,37139
2021-02-06,37258
2021-02-07,37380
2021-02-08,37490
2021-02-09,37560
2021-02-10,37676
2021-02-11,37792
2021-02-12,37908
2021-02-13,38024
2021-02-14,38141
2021-02-15,38258
2021-02-16,38376
2021-02-17,38495
2021-02-18,38617
2021-02-19,38739
2021-02-20,38861
2021-02-21,38983
2021-02-22,38936
2021-02-23,39050
2021-02-24,39170
2021-02-25,39282
2021-02-26,39401
2021-02-27,39523
2021-02-28,39647
2021-03-01,38342
2021-03-02,38458
2021-03-03,38582
2021-03-04,38714
2021-03-05,38847
2021-03-06,38980
2021-03-07,39071
2021-03-08,39203
2021-03-09,39335
2021-03-10,39469
2021-03-11,39604
2021-03-12,39739
2021-03-13,39871
2021-03-14,40006
2021-03-15,40141
2021-03-16,40276
2021-03-17,40413
2021-03-18,40552
2021-03-19,40688
2021-03-20,40827
2021-03-21,40967
2021-03-22,41105
2021-03-23,41244
2021-03-24,41370
2021-03-25,41510
2021-03-26,41648
2021-03-27,41788
2021-03-28,41928
2021-03-29,42068
2021-03-30,42209
2021-03-31,42352
2021-04-01,42498
2021-04-02,42644
2021-04-03,42791
2021-04-04,42923
2021-04-05,43068
2021-04-06,43213
2021-04-07,43358
2021-04-08,43503
2021-04-09,43648
2021-04-10,43729
2021-04-11,43867
2021-04-12,44012
2021-04-13,44153
2021-04-14,44298
2021-04-15,44446
2021-04-16,44595
2021-04-17,44748
2021-04-18,44899
2021-04-19,45046
2021-04-20,45194
2021-04-21,45346
2021-04-22,45499
2021-04-23,45653
2021-04-24,45808
2021-04-25,45926
2021-04-26,46069
2021-04-27,46222
2021-04-28,46376
2021-04-29,46524
2021-04-30,46678
2021-05-01,46833
2021-05-02,46986
2021-05-03,47010
2021-05-04,47165
2021-05-05,47320
2021-05-06,47475
2021-05-07,47630
2021-05-08,47780
2021-05-09,47935
2021-05-10,48091
2021-05-11,48247
2021-05-12,48144
2021-05-13,48277
2021-05-14,48431
2021-05-15,48589
2021-05-16,48686
2021-05-17,48843
2021-05-18,49001
2021-05-19,49107
2021-05-20,49263
2021-05-21,49312
2021-05-22,49401
2021-05-23,49294
2021-05-24,49456
2021-05-25,49618
2021-05-26,49780
2021-05-27,49942
2021-05-28,48716
2021-05-29,48877
2021-05-30,49038
2021-05-31,49199
2021-06-01,49360
2021-06-02,49511
2021-06-03,49677
2021-06-04,49845
2021-06-05,50015
2021-06-06,50185
2021-06-07,50355
2021-06-08,50471
2021-06-09,50641
2021-06-10,50405
2021-06-11,50574
2021-06-12,50718
2021-06-13,50863
2021-06-14,51031
2021-06-15,51199
2021-06-16,51367
2021-06-17,51535
2021-06-18,51703
2021-06-19,51871
2021-06-20,52039
2021-06-21,52209
2021-06-22,52379
2021-06-23,52549
2021-06-24,52719
2021-06-25,52890
2021-06-26,53061
2021-06-27,53233
2021-06-28,53405
2021-06-29,53577
2021-06-30,53750
2021-07-01,53925
2021-07-02,54088
2021-07-03,54260
2021-07-04,54360
2021-07-05,54534
2021-07-06,54708
2021-07-07,54866
2021-07-08,55044
2021-07-09,55220
2021-07-10,49948
2021-07-11,50093
2021-07-12,50238
2021-07-13,50377
2021-07-14,50447
2021-07-15,50591
2021-07-16,50735
2021-07-17,50879
2021-07-18,51023
2021-07-19,51168
2021-07-20,51313
2021-07-21,51458
2021-07-22,51603
2021-07-23,51748
2021-07-24,51893
2021-07-25,51894
2021-07-26,52009
2021-07-27,52146
2021-07-28,52283
2021-07-29,52393
2021-07-30,52530
2021-07-31,52667
2021-08-01,52743
2021-08-02,52878
2021-08-03,53013
2021-08-04,53150
2021-08-05,53286
2021-08-06,53423
2021-08-07,53561
2021-08-08,53697
2021-08-09,53834
2021-08-10,53972
2021-08-11,53086
2021-08-12,53224
2021-08-13,53363
2021-08-14,53502
2021-08-15,53554
2021-08-16,53693
2021-08-17,53832
2021-08-18,53971
2021-08-19,54112
2021-08-20,54254
2021-08-21,54397
2021-08-22,54540
2021-08-23,54683
2021-08-24,54827
2021-08-25,54974
2021-08-26,55115
2021-08-27,55262
2021-08-28,55410
2021-08-29,55558
2021-08-30,55685
2021-08-31,55832
2021-09-01,55981
2021-09-02,56130
2021-09-03,56279
2021-09-04,56428
2021-09-05,56567
2021-09-06,56715
2021-09-07,56863
2021-09-08,57012
2021-09-09,57161
2021-09-10,57287
2021-09-11,57437
2021-09-12,57587
2021-09-13,38705
2021-09-14,38412
2021-09-15,38481
2021-09-16,38551
2021-09-17,38621
2021-09-18,38694
2021-09-19,38762
2021-09-20,38834
2021-09-21,38864
2021-09-22,38930
2021-09-23,39001
2021-09-24,39072
2021-09-25,39144
2021-09-26,39217
2021-09-27,39291
2021-09-28,39365
2021-09-29,39440
2021-09-30,39515
2021-10-01,39590
2021-10-02,39665
2021-10-03,39740
2021-10-04,39336
2021-10-05,39378
2021-10-06,39437
2021-10-07,39508
2021-10-08,39578
2021-10-09,39649
2021-10-10,39722
2021-10-11,39795
2021-10-12,39868
2021-10-13,39941
2021-10-14,40014
2021-10-15,40078
2021-10-16,40151
2021-10-17,40226
2021-10-18,40228
2021-10-19,40299
2021-10-20,40376
2021-10-21,40453
2021-10-22,40530
2021-10-23,40607
2021-10-24,40684
2021-10-25,40762
2021-10-26,40840
2021-10-27,40919
2021-10-28,40988
2021-10-29,41044
2021-10-30,41122
2021-10-31,41201
2021-11-01,41280
2021-11-02,41360
2021-11-03,41440
2021-11-04,41521
2021-11-05,41602
2021-11-06,41683
2021-11-07,41764
2021-11-08,41841
2021-11-09,41924
2021-11-10,41983
2021-11-11,42067
2021-11-12,42152
2021-11-13,42237
2021-11-14,42322
2021-11-15,42404
2021-11-16,42489
2021-11-17,42576
2021-11-18,42652
2021-11-19,42739
2021-11-20,42829
2021-11-21,42919
2021-11-22,42996
2021-11-23,42894
2021-11-24,42979
2021-11-25,43064
2021-11-26,43150
2021-11-27,43221
2021-11-28,43305
2021-11-29,43390
2021-11-30,43475
2021-12-01,43562
2021-12-02,43634
2021-12-03,43722
2021-12-04,43812
2021-12-05,43902
2021-12-06,43992
2021-12-07,44085
2021-12-08,44142
2021-12-09,44217
2021-12-10,44312
2021-12-11,44408
2021-12-12,44504
2021-12-13,44573
2021-12-14,44668
2021-12-15,44727
2021-12-16,44822
2021-12-17,44918
2021-12-18,45014
2021-12-19,45112
2021-12-20,45210
2021-12-21,45308
2021-12-22,45406
2021-12-23,45504
2021-12-24,45604
2021-12-25,45704
2021-12-26,45700
2021-12-27,45799
2021-12-28,45898
2021-12-29,45998
2021-12-30,46098
2021-12-31,46199
2022-01-01,46300
2022-01-02,46402
2022-01-03,46504
2022-01-04,46605
2022-01-05,46709
2022-01-06,46814
2022-01-07,46922
2022-01-08,47030
2022-01-09,47138
2022-01-10,47247
2022-01-11,47357
2022-01-12,47467
2022-01-13,47578
2022-01-14,47689
2022-01-15,47801
2022-01-16,47820
2022-01-17,47926
2022-01-18,48032
2022-01-19,48138
2022-01-20,48244
2022-01-21,48351
2022-01-22,48459
2022-01-23,48568
2022-01-24,48677
2022-01-25,48606
2022-01-26,48715
2022-01-27,48821
2022-01-28,48930
2022-01-29,49041
2022-01-30,49152
2022-01-31,49264
2022-02-01,49376
2022-02-02,49488
2022-02-03,49601
2022-02-04,49713
2022-02-05,49826
2022-02-06,49936
2022-02-07,50048
2022-02-08,50160
2022-02-09,50272
2022-02-10,50386
2022-02-11,50488
2022-02-12,50602
2022-02-13,50716
2022-02-14,50830
2022-02-15,50946
2022-02-16,51062
2022-02-17,51180
2022-02-18,51298
2022-02-19,51417
2022-02-20,51506
2022-02-21,51625
2022-02-22,51744
2022-02-23,51744
2022-02-24,51870
2022-02-25,51994
2022-02-26,52121
2022-02-27,52249
2022-02-28,52377
2022-03-01,52505
2022-03-02,52625
2022-03-03,52592
2022-03-04,52718
2022-03-05,52844
2022-03-06,52971
2022-03-07,53099
2022-03-08,53227
2022-03-09,53356
2022-03-10,53466
2022-03-11,53596
2022-03-12,53724
2022-03-13,53853
2022-03-14,53983
2022-03-15,54114
2022-03-16,54246
2022-03-17,54379
2022-03-18,54513
2022-03-19,54649
2022-03-20,54749
2022-03-21,54101
2022-03-22,54226
2022-03-23,54219
2022-03-24,54348
2022-03-25,54427
2022-03-26,54551
2022-03-27,54677
2022-03-28,54719
2022-03-29,54845
2022-03-30,54967
2022-03-31,55093
2022-04-01,55111
2022-04-02,55236
2022-04-03,55362
2022-04-04,55490
2022-04-05,55617
2022-04-06,55745
2022-04-07,55874
2022-04-08,56003
2022-04-09,56132
2022-04-10,56254
2022-04-11,56382
2022-04-12,56510
2022-04-13,56638
2022-04-14,56758
2022-04-15,56886
2022-04-16,57014
2022-04-17,57142
2022-04-18,57270
2022-04-19,57398
2022-04-20,57528
2022-04-21,57658
2022-04-22,57788
2022-04-23,57918
2022-04-24,57995
2022-04-25,58121
2022-04-26,58248
2022-04-27,58376
2022-04-28,58504
2022-04-29,58632
2022-04-30,58761
2022-05-01,51318
2022-05-02,51154
2022-05-03,51226
2022-05-04,51298
2022-05-05,51370
2022-05-06,51082
2022-05-07,51153
2022-05-08,51227
2022-05-09,51301
2022-05-10,51373
2022-05-11,51448
2022-05-12,51523
2022-05-13,51599
2022-05-14,51675
2022-05-15,51751
2022-05-16,51827
2022-05-17,51905
2022-05-18,51984
2022-05-19,52064
2022-05-20,52142
2022-05-21,52221
2022-05-22,52294
2022-05-23,52372
2022-05-24,52450
2022-05-25,52510
2022-05-26,52587
2022-05-27,52664
2022-05-28,52741
2022-05-29,52818
2022-05-30,52895
2022-05-31,52972
2022-06-01,53049
2022-06-02,53127
2022-06-03,53205
2022-06-04,53283
2022-06-05,53361
2022-06-06,53439
2022-06-07,53517
2022-06-08,53595
2022-06-09,53673
2022-06-10,53752
2022-06-11,53833
2022-06-12,53791
2022-06-13,53871
2022-06-14,53951
2022-06-15,54031
2022-06-16,54113
2022-06-17,54197
2022-06-18,54280
2022-06-19,54364
2022-06-20,54448
2022-06-21,54528
2022-06-22,54611
2022-06-23,54694
2022-06-24,54779
2022-06-25,54865
2022-06-26,54660
2022-06-27,54743
2022-06-28,54827
2022-06-29,54911
2022-06-30,54995
2022-07-01,54884
2022-07-02,54967
2022-07-03,55051
2022-07-04,55135
2022-07-05,55162
2022-07-06,55242
2022-07-07,55322
2022-07-08,55380
2022-07-09,55460
2022-07-10,55541
2022-07-11,55617
2022-07-12,55698
2022-07-13,55780
2022-07-14,55862
2022-07-15,55945
2022-07-16,56028
2022-07-17,56111
2022-07-18,56194
2022-07-19,56278
2022-07-20,56362
2022-07-21,56446
2022-07-22,56531
2022-07-23,56616
2022-07-24,56702
2022-07-25,56790
2022-07-26,56844
2022-07-27,56931
2022-07-28,57019
2022-07-29,57107
2022-07-30,57196
2022-07-31,57285
2022-08-01,57374
2022-08-02,57463
2022-08-03,57553
2022-08-04,57643
2022-08-05,57734
2022-08-06,57825
2022-08-07,57916
2022-08-08,57998
2022-08-09,58089
2022-08-10,58181
2022-08-11,58269
2022-08-12,58360
2022-08-13,58452
2022-08-14,58544
2022-08-15,58637
2022-08-16,58730
2022-08-17,58824
2022-08-18,58912
2022-08-19,59006
2022-08-20,59101
2022-08-21,59197
2022-08-22,59289
2022-08-23,59380
2022-08-24,59474
2022-08-25,59568
2022-08-26,59662
2022-08-27,59757
2022-08-28,59853
2022-08-29,59949
2022-08-30,60045
2022-08-31,60142
2022-09-01,60237
2022-09-02,60333
2022-09-03,60431
2022-09-04,60530
2022-09-05,60631
2022-09-06,60733
2022-09-07,60829
2022-09-08,60929
2022-09-09,61031
2022-09-10,61133
2022-09-11,61241
2022-09-12,61347
2022-09-13,61454
2022-09-14,61561
2022-09-15,61670
2022-09-16,61779
2022-09-17,61885
2022-09-18,61993
2022-09-19,62101
2022-09-20,62209
2022-09-21,62317
2022-09-22,62426
2022-09-23,62536
2022-09-24,62644
2022-09-25,62753
2022-09-26,62862
2022-09-27,62971
2022-09-28,63080
2022-09-29,63191
2022-09-30,63240
2022-10-01,63349
2022-10-02,63460
2022-10-03,63571
2022-10-04,63683
2022-10-05,63749
2022-10-06,63860
2022-10-07,63963
2022-10-08,64074
2022-10-09,64186
2022-10-10,64298
2022-10-11,64412
2022-10-12,64513
2022-10-13,64569
2022-10-14,64683
2022-10-15,64797
2022-10-16,64911
2022-10-17,65025
2022-10-18,65139
2022-10-19,65253
2022-10-20,65119
2022-10-21,65233
2022-10-22,65347
2022-10-23,65461
2022-10-24,65575
2022-10-25,65689
2022-10-26,65803
2022-10-27,65917
2022-10-28,66031
2022-10-29,66145
2022-10-30,66259
2022-10-31,66373
2022-11-01,66487
2022-11-02,66602
2022-11-03,66715
2022-11-04,66830
2022-11-05,66945
2022-11-06,67060
2022-11-07,66933
2022-11-08,67029
2022-11-09,67143
2022-11-10,67257
2022-11-11,67372
2022-11-12,67488
2022-11-13,67604
2022-11-14,67720
2022-11-15,67836
2022-11-16,67952
2022-11-17,68068
2022-11-18,68184
2022-11-19,68301
2022-11-20,68419
2022-11-21,68535
2022-11-22,68654
2022-11-23,68773
2022-11-24,68892
2022-11-25,68953
2022-11-26,69071
2022-11-27,69167
2022-11-28,69283
2022-11-29,69399
2022-11-30,69516
2022-12-01,69605
2022-12-02,69708
2022-12-03,69823
2022-12-04,69939
2022-12-05,70055
2022-12-06,70115
2022-12-07,70226
2022-12-08,70333
2022-12-09,70446
2022-12-10,70560
2022-12-11,70674
2022-12-12,70789
2022-12-13,70905
2022-12-14,71019
2022-12-15,71134
2022-12-16,71249
2022-12-17,71364
2022-12-18,71479
2022-12-19,71595
2022-12-20,71711
2022-12-21,71827
2022-12-22,71944
2022-12-23,72061
2022-12-24,72180
2022-12-25,72295
2022-12-26,72414
2022-12-27,72531
2022-12-28,72649
2022-12-29,72767
2022-12-30,72885
2022-12-31,72960
2023-01-01,73077
2023-01-02,72937
2023-01-03,73049
2023-01-04,73162
2023-01-05,73277
2023-01-06,73393
2023-01-07,73510
2023-01-08,73324
2023-01-09,73318
2023-01-10,73315
2023-01-11,73430
2023-01-12,73122
2023-01-13,73234
2023-01-14,73346
2023-01-15,73460
2023-01-16,73575
2023-01-17,73687
2023-01-18,73801
2023-01-19,73915
2023-01-20,74030
2023-01-21,74146
2023-01-22,74259
2023-01-23,74374
2023-01-24,74489
2023-01-25,74604
2023-01-26,74719
2023-01-27,74834
2023-01-28,74950
2023-01-29,75067
2023-01-30,75184
2023-01-31,75301
2023-02-01,75418
2023-02-02,75530
2023-02-03,75647
2023-02-04,75766
2023-02-05,75881
2023-02-06,75998
2023-02-07,76115
2023-02-08,76232
2023-02-09,76349
2023-02-10,76466
2023-02-11,76585
2023-02-12,76658
2023-02-13,76719
2023-02-14,76832
2023-02-15,76946
2023-02-16,77061
2023-02-17,77177
2023-02-18,77294
2023-02-19,77370
2023-02-20,77488
2023-02-21,77607
2023-02-22,77728
2023-02-23,77850
2023-02-24,77972
2023-02-25,78095
2023-02-26,78219
2023-02-27,78312
2023-02-28,78418
2023-03-01,78537
2023-03-02,78656
2023-03-03,78775
2023-03-04,78895
2023-03-05,79016
2023-03-06,79137
2023-03-07,79258
2023-03-08,79379
2023-03-09,79495
2023-03-10,79616
2023-03-11,79006
2023-03-12,79129
2023-03-13,79253
2023-03-14,79377
2023-03-15,79502
2023-03-16,79615
2023-03-17,79740
2023-03-18,79858
2023-03-19,79982
2023-03-20,80106
2023-03-21,80230
2023-03-22,80354
2023-03-23,80478
2023-03-24,80602
2023-03-25,80727
2023-03-26,80854
2023-03-27,80981
2023-03-28,81109
2023-03-29,81233
2023-03-30,81360
2023-03-31,81487
2023-04-01,81615
2023-04-02,81744
2023-04-03,81873
2023-04-04,81974
2023-04-05,82093
2023-04-06,82222
2023-04-07,82351
2023-04-08,82481
2023-04-09,82613
2023-04-10,82746
2023-04-11,82879
2023-04-12,83012
2023-04-13,83145
2023-04-14,83279
2023-04-15,83413
2023-04-16,83548
2023-04-17,83681
2023-04-18,83815
2023-04-19,83949
2023-04-20,84085
2023-04-21,84221
2023-04-22,84354
2023-04-23,84475
2023-04-24,84609
2023-04-25,84743
2023-04-26,84767
2023-04-27,84900
2023-04-28,85034
2023-04-29,85168
2023-04-30,85302
2023-05-01,85436
2023-05-02,85570
2023-05-03,85704
2023-05-04,85838
2023-05-05,85972
2023-05-06,86106
2023-05-07,86240
2023-05-08,86375
2023-05-09,86508
2023-05-10,86643
2023-05-11,86779
2023-05-12,86915
2023-05-13,87051
2023-05-14,87187
2023-05-15,87318
2023-05-16,87453
2023-05-17,87588
2023-05-18,87724
2023-05-19,87862
2023-05-20,88002
2023-05-21,88144
2023-05-22,88273
2023-05-23,88411
2023-05-24,88549
2023-05-25,88689
2023-05-26,88830
2023-05-27,88972
2023-05-28,89109
2023-05-29,89198
2023-05-30,89341
2023-05-31,89484
2023-06-01,89627
2023-06-02,89771
2023-06-03,89917
2023-06-04,90063
2023-06-05,90210
2023-06-06,90357
2023-06-07,90493
2023-06-08,90641
2023-06-09,90790
2023-06-10,90936
2023-06-11,91084
2023-06-12,91233
2023-06-13,91382
2023-06-14,91531
2023-06-15,91682
2023-06-16,91833
2023-06-17,91984
2023-06-18,92135
2023-06-19,92286
2023-06-20,92437
2023-06-21,92588
2023-06-22,92739
2023-06-23,92891
2023-06-24,93044
2023-06-25,93197
2023-06-26,93350
2023-06-27,93503
2023-06-28,93657
2023-06-29,93812
2023-06-30,93968
2023-07-01,94125
2023-07-02,94282
2023-07-03,84533
2023-07-04,84640
2023-07-05,84748
2023-07-06,84857
2023-07-07,84966
2023-07-08,85075
2023-07-09,85184
2023-07-10,85293
2023-07-11,85402
2023-07-12,85512
2023-07-13,85623
2023-07-14,85725
2023-07-15,85837
2023-07-16,85950
2023-07-17,86063
2023-07-18,86176
2023-07-19,86290
2023-07-20,86402
2023-07-21,86516
2023-07-22,86630
2023-07-23,86744
2023-07-24,86859
2023-07-25,86970
2023-07-26,87083
2023-07-27,87197
2023-07-28,87311
2023-07-29,87425
2023-07-30,87539
2023-07-31,87653
2023-08-01,87768
2023-08-02,87885
2023-08-03,88002
2023-08-04,88121
2023-08-05,88240
2023-08-06,88362
2023-08-07,88475
2023-08-08,88595
2023-08-09,88715
2023-08-10,88830
2023-08-11,88949
2023-08-12,89069
2023-08-13,89190
2023-08-14,89311
2023-08-15,89432
2023-08-16,89553
2023-08-17,89676
2023-08-18,89794
2023-08-19,89918
2023-08-20,90042
2023-08-21,90166
2023-08-22,90290
2023-08-23,90417
2023-08-24,90544
2023-08-25,90644
2023-08-26,90759
2023-08-27,90849
2023-08-28,90971
2023-08-29,91094
2023-08-30,91219
2023-08-31,91344
2023-09-01,91470
2023-09-02,91597
2023-09-03,91726
2023-09-04,91844
2023-09-05,91969
2023-09-06,92094
2023-09-07,92219
2023-09-08,92344
2023-09-09,92469
2023-09-10,92596
2023-09-11,92684
2023-09-12,92810
2023-09-13,92937
2023-09-14,93062
2023-09-15,93189
2023-09-16,93315
2023-09-17,93443
2023-09-18,93573
2023-09-19,93637
2023-09-20,93767
2023-09-21,93851
2023-09-22,93983
2023-09-23,23276
2023-09-24,23326
2023-09-25,23390
2023-09-26,23454
2023-09-27,23519
2023-09-28,23584
2023-09-29,23651
2023-09-30,23718
2023-10-01,23785
2023-10-02,23852
2023-10-03,23919
2023-10-04,23986
2023-10-05,24053
2023-10-06,24120
2023-10-07,24187
2023-10-08,24255
2023-10-09,24321
2023-10-10,24389
2023-10-11,24458
2023-10-12,24527
2023-10-13,24598
2023-10-14,24669
2023-10-15,24740
2023-10-16,24813
2023-10-17,24886
2023-10-18,24960
2023-10-19,25036
2023-10-20,25113
2023-10-21,25189
2023-10-22,25266
2023-10-23,25343
2023-10-24,25421
2023-10-25,25498
2023-10-26,25576
2023-10-27,25654
2023-10-28,25733
2023-10-29,25814
2023-10-30,25889
2023-10-31,25970
2023-11-01,26051
2023-11-02,26133
2023-11-03,26215
2023-11-04,26298
2023-11-05,26381
2023-11-06,26464
2023-11-07,26548
2023-11-08,26632
2023-11-09,26716
2023-11-10,26800
2023-11-11,26859
2023-11-12,26934
2023-11-13,27016
2023-11-14,27099
2023-11-15,27179
2023-11-16,27261
2023-11-17,27344
2023-11-18,27427
2023-11-19,27487
2023-11-20,27569
2023-11-21,27651
2023-11-22,27733
2023-11-23,27817
2023-11-24,27899
2023-11-25,27983
2023-11-26,28067
2023-11-27,28151
2023-11-28,28238
2023-11-29,28325
2023-11-30,28412
2023-12-01,28499
2023-12-02,28586
2023-12-03,28675
2023-12-04,28764
2023-12-05,28834
2023-12-06,28924
2023-12-07,29016
2023-12-08,29109
2023-12-09,28701
2023-12-10,28794
2023-12-11,28888
2023-12-12,28984
2023-12-13,29080
2023-12-14,29177
2023-12-15,29272
2023-12-16,29354
2023-12-17,29451
2023-12-18,29537
2023-12-19,29631
2023-12-20,29726
2023-12-21,29822
2023-12-22,29918
2023-12-23,30002
2023-12-24,30098
2023-12-25,30195
2023-12-26,30293
2023-12-27,30391
2023-12-28,30490
2023-12-29,30585
2023-12-30,30683
2023-12-31,30784
2024-01-01,30876
2024-01-02,30974
2024-01-03,31072
2024-01-04,31143
2024-01-05,31243
2024-01-06,31343
2024-01-07,31444
2024-01-08,31440
2024-01-09,31539
2024-01-10,31639
2024-01-11,31739
2024-01-12,31840
2024-01-13,31937
2024-01-14,32006
2024-01-15,32102
2024-01-16,32199
2024-01-17,32215
2024-01-18,32311
2024-01-19,32408
2024-01-20,32506
2024-01-21,32526
2024-01-22,32626
2024-01-23,32726
2024-01-24,32808
2024-01-25,32906
2024-01-26,33005
2024-01-27,33104
2024-01-28,33205
2024-01-29,33306
2024-01-30,33407
2024-01-31,33397
2024-02-01,33499
2024-02-02,33601
2024-02-03,33703
2024-02-04,33805
2024-02-05,33902
2024-02-06,34003
2024-02-07,34104
2024-02-08,34205
2024-02-09,34297
2024-02-10,34398
2024-02-11,34501
2024-02-12,34604
2024-02-13,34691
2024-02-14,34794
2024-02-15,34897
2024-02-16,35001
2024-02-17,35107
2024-02-18,35213
2024-02-19,35319
2024-02-20,35425
2024-02-21,35279
2024-02-22,35384
2024-02-23,35490
2024-02-24,35597
2024-02-25,35705
2024-02-26,35813
2024-02-27,35922
2024-02-28,36031
2024-02-29,36142
2024-03-01,36253
2024-03-02,36364
2024-03-03,36475
2024-03-04,36586
2024-03-05,36697
2024-03-06,36809
2024-03-07,36922
2024-03-08,37035
2024-03-09,37148
2024-03-10,37262
2024-03-11,37340
2024-03-12,37452
2024-03-13,37565
2024-03-14,37678
2024-03-15,37791
2024-03-16,37905
2024-03-17,38019
2024-03-18,38133
2024-03-19,38248
2024-03-20,38364
2024-03-21,38480
2024-03-22,38596
2024-03-23,38713
2024-03-24,38272
2024-03-25,38374
2024-03-26,38476
2024-03-27,38578
2024-03-28,38680
2024-03-29,38783
2024-03-30,38886
2024-03-31,38990
2024-04-01,39080
2024-04-02,39183
2024-04-03,39287
2024-04-04,39391
2024-04-05,39492
2024-04-06,39588
2024-04-07,39609
2024-04-08,39710
2024-04-09,39811
2024-04-10,39911
2024-04-11,39752
2024-04-12,39853
2024-04-13,39954
2024-04-14,40055
2024-04-15,40156
2024-04-16,40244
2024-04-17,40345
2024-04-18,40448
2024-04-19,40548
2024-04-20,39316
2024-04-21,39348
2024-04-22,39436
2024-04-23,39372
2024-04-24,39469
2024-04-25,39565
2024-04-26,39660
2024-04-27,39756
2024-04-28,39262
2024-04-29,39350
2024-04-30,36590
2024-05-01,36673
2024-05-02,36756
2024-05-03,36839
2024-05-04,36922
2024-05-05,37006
2024-05-06,37090
2024-05-07,37172
2024-05-08,37256
2024-05-09,37341
2024-05-10,37426
2024-05-11,37512
2024-05-12,37600
2024-05-13,37687
2024-05-14,37775
2024-05-15,37863
2024-05-16,37951
2024-05-17,38039
2024-05-18,38127
2024-05-19,38215
2024-05-20,38303
2024-05-21,38391
2024-05-22,38479
2024-05-23,38568
2024-05-24,38658
2024-05-25,38748
2024-05-26,38839
2024-05-27,38913
2024-05-28,39003
2024-05-29,39093
2024-05-30,39183
2024-05-31,39273
2024-06-01,39364
2024-06-02,39455
2024-06-03,39547
2024-06-04,39639
2024-06-05,39731
2024-06-06,39825
2024-06-07,39919
2024-06-08,40014
2024-06-09,40103
2024-06-10,40198
2024-06-11,40293
2024-06-12,40388
2024-06-13,40483
2024-06-14,40578
2024-06-15,40673
2024-06-16,40768
2024-06-17,40863
2024-06-18,40958
2024-06-19,41054
2024-06-20,41150
2024-06-21,41231
2024-06-22,41327
2024-06-23,41424
2024-06-24,41511
2024-06-25,41603
2024-06-26,41697
2024-06-27,41791
2024-06-28,41885
2024-06-29,41980
2024-06-30,42076
2024-07-01,42172
2024-07-02,42269
2024-07-03,42365
2024-07-04,42462
2024-07-05,42559
2024-07-06,42654
2024-07-07,42753
2024-07-08,42791
2024-07-09,42890
2024-07-10,42987
2024-07-11,43085
2024-07-12,43183
2024-07-13,43282
2024-07-14,43381
2024-07-15,43480
2024-07-16,43579
2024-07-17,43678
2024-07-18,43777
2024-07-19,43878
2024-07-20,43979
2024-07-21,44078
2024-07-22,44179
2024-07-23,44280
2024-07-24,44382
2024-07-25,44485
2024-07-26,44590
2024-07-27,44696
2024-07-28,44793
2024-07-29,44896
2024-07-30,44999
2024-07-31,45102
2024-08-01,45206
2024-08-02,45310
2024-08-03,45415
2024-08-04,45520
2024-08-05,45625
2024-08-06,45726
2024-08-07,45830
2024-08-08,45934
2024-08-09,46039
2024-08-10,46144
2024-08-11,46249
2024-08-12,46350
2024-08-13,46454
2024-08-14,46559
2024-08-15,46664
2024-08-16,46770
2024-08-17,46877
2024-08-18,43065
2024-08-19,43161
2024-08-20,43257
2024-08-21,43354
2024-08-22,43451
2024-08-23,43549
2024-08-24,43647
2024-08-25,43740
2024-08-26,43833
2024-08-27,43931
2024-08-28,44030
2024-08-29,44128
2024-08-30,44225
2024-08-31,44324
2024-09-01,44423
2024-09-02,44522
2024-09-03,44615
2024-09-04,44713
2024-09-05,44811
2024-09-06,44910
2024-09-07,45007
2024-09-08,45106
2024-09-09,45205
2024-09-10,45305
2024-09-11,45405
2024-09-12,45505
2024-09-13,45605
2024-09-14,45706
2024-09-15,45806
2024-09-16,45908
2024-09-17,46011
2024-09-18,46115
2024-09-19,46222
2024-09-20,46327
2024-09-21,46433
2024-09-22,46529
2024-09-23,46634
2024-09-24,46739
2024-09-25,46844
2024-09-26,46949
2024-09-27,47034
2024-09-28,47131
2024-09-29,47223
2024-09-30,47325
2024-10-01,47311
2024-10-02,47396
2024-10-03,47496
2024-10-04,47596
2024-10-05,47696
2024-10-06,47797
2024-10-07,47898
2024-10-08,47999
2024-10-09,48101
2024-10-10,48202
2024-10-11,48302
2024-10-12,48404
2024-10-13,48508
2024-10-14,48605
2024-10-15,48706
2024-10-16,48807
2024-10-17,48909
2024-10-18,49009
2024-10-19,49110
2024-10-20,49212
2024-10-21,49312
2024-10-22,49415
2024-10-23,49516
2024-10-24,49619
2024-10-25,49718
2024-10-26,49820
2024-10-27,49922
2024-10-28,50025
2024-10-29,50128
2024-10-30,50231
2024-10-31,50335
2024-11-01,50439
2024-11-02,50544
2024-11-03,50649
2024-11-04,50755
2024-11-05,50861
2024-11-06,50960
2024-11-07,51066
2024-11-08,51173
2024-11-09,51275
2024-11-10,51380
2024-11-11,51485
2024-11-12,51422
2024-11-13,51527
2024-11-14,51632
2024-11-15,51737
2024-11-16,51842
2024-11-17,51948
2024-11-18,52054
2024-11-19,52160
2024-11-20,52262
2024-11-21,52369
2024-11-22,52476
2024-11-23,52584
2024-11-24,52693
2024-11-25,52802
2024-11-26,52911
2024-11-27,53016
2024-11-28,53124
2024-11-29,53232
2024-11-30,53340
2024-12-01,53437
2024-12-02,53544
2024-12-03,53651
2024-12-04,53758
2024-12-05,53866
2024-12-06,53974
2024-12-07,54083
2024-12-08,54192
2024-12-09,54301
2024-12-10,54410
2024-12-11,54519
2024-12-12,54628
2024-12-13,54737
2024-12-14,54846
2024-12-15,54955
2024-12-16,55064
2024-12-17,55174
2024-12-18,55282
2024-12-19,55392
2024-12-20,55503
2024-12-21,55617
2024-12-22,55729
2024-12-23,55842
2024-12-24,55955
2024-12-25,56069
2024-12-26,56183
2024-12-27,56287
2024-12-28,56399
2024-12-29,56511
2024-12-30,56623
2024-12-31,56736
2025-01-01,56850
2025-01-02,56964
2025-01-03,57078
2025-01-04,57192
2025-01-05,57307
2025-01-06,57422
2025-01-07,57537
2025-01-08,57652
2025-01-09,57769
2025-01-10,57886
2025-01-11,58003
2025-01-12,58120
2025-01-13,58227
2025-01-14,58342
2025-01-15,58457
2025-01-16,58572
2025-01-17,58449
2025-01-18,58566
2025-01-19,58683
2025-01-20,58800
2025-01-21,58919
2025-01-22,59039
2025-01-23,59159
2025-01-24,59279
2025-01-25,59402
2025-01-26,59525
2025-01-27,59619
2025-01-28,59737
2025-01-29,59855
2025-01-30,59973
2025-01-31,60091
2025-02-01,60182
2025-02-02,60289
2025-02-03,60404
2025-02-04,60519
2025-02-05,60634
2025-02-06,60750
2025-02-07,60605
2025-02-08,60680
2025-02-09,60790
2025-02-10,60903
2025-02-11,61017
2025-02-12,61132
2025-02-13,60760
2025-02-14,60874
2025-02-15,60984
2025-02-16,61098
2025-02-17,61210
2025-02-18,61323
2025-02-19,61437
2025-02-20,61551
2025-02-21,61667
2025-02-22,61783
2025-02-23,61901
2025-02-24,62019
2025-02-25,62137
2025-02-26,62256
2025-02-27,62370
2025-02-28,62489
2025-03-01,61965
2025-03-02,62085
2025-03-03,62205
2025-03-04,62325
2025-03-05,62446
2025-03-06,62567
2025-03-07,62689
2025-03-08,62811
2025-03-09,62929
2025-03-10,63051
2025-03-11,63163
2025-03-12,63286
2025-03-13,63411
2025-03-14,63540
2025-03-15,63669
2025-03-16,63799
2025-03-17,63909
2025-03-18,63738
2025-03-19,63864
2025-03-20,63991
2025-03-21,64117
2025-03-22,64246
2025-03-23,64375
2025-03-24,64509
2025-03-25,64643
2025-03-26,64776
2025-03-27,64912
2025-03-28,65045
2025-03-29,65182
2025-03-30,65320
2025-03-31,65458
2025-04-01,65596
2025-04-02,65734
2025-04-03,65872
2025-04-04,66010
2025-04-05,66148
2025-04-06,66262
2025-04-07,66380
2025-04-08,66516
2025-04-09,66652
2025-04-10,66788
2025-04-11,66925
2025-04-12,67063
2025-04-13,67203
2025-04-14,67343
2025-04-15,67484
2025-04-16,67625
2025-04-17,67767
2025-04-18,67909
2025-04-19,68051
2025-04-20,68189
2025-04-21,68330
2025-04-22,68438
2025-04-23,68578
2025-04-24,68662
2025-04-25,68801
2025-04-26,68940
2025-04-27,69079
2025-04-28,69218
2025-04-29,69358
2025-04-30,69481
2025-05-01,69621
2025-05-02,69762
2025-05-03,69903
2025-05-04,70044
2025-05-05,70185
2025-05-06,70327
2025-05-07,70463
2025-05-08,70601
2025-05-09,70741
2025-05-10,70881
2025-05-11,71022
2025-05-12,71132
2025-05-13,71221
2025-05-14,71362
2025-05-15,71505
2025-05-16,71650
2025-05-17,71796
2025-05-18,71937
2025-05-19,72082
2025-05-20,72228
2025-05-21,72374
2025-05-22,72520
2025-05-23,72666
2025-05-24,72813
2025-05-25,72960
2025-05-26,73110
2025-05-27,73260
2025-05-28,73413
2025-05-29,73562
2025-05-30,73714
2025-05-31,73866
2025-06-01,74018
2025-06-02,74172
2025-06-03,74326
2025-06-04,74481
2025-06-05,74637
2025-06-06,74793
2025-06-07,74949
2025-06-08,75105
2025-06-09,75261
2025-06-10,75417
2025-06-11,75574
2025-06-12,75731
2025-06-13,75889
2025-06-14,76048
2025-06-15,76209
2025-06-16,76370
2025-06-17,76532
2025-06-18,76694
2025-06-19,76856
2025-06-20,77018
2025-06-21,77180
2025-06-22,77252
2025-06-23,77415
2025-06-24,77533
2025-06-25,76982
2025-06-26,77144
2025-06-27,77307
2025-06-28,77470
2025-06-29,77633
2025-06-30,77780
2025-07-01,77942
2025-07-02,78104
2025-07-03,78267
2025-07-04,78430
2025-07-05,78594
2025-07-06,78758
2025-07-07,78922
2025-07-08,79086
2025-07-09,79250
2025-07-10,79414
2025-07-11,79579
2025-07-12,79744
2025-07-13,79909
2025-07-14,80074
2025-07-15,80228
2025-07-16,80392
2025-07-17,80557
2025-07-18,80723
2025-07-19,80885
2025-07-20,81050
2025-07-21,81215
2025-07-22,81382
2025-07-23,81549
2025-07-24,81713
2025-07-25,81879
2025-07-26,82046
2025-07-27,82215
2025-07-28,82379
2025-07-29,82547
2025-07-30,82716
2025-07-31,82885
2025-08-01,83054
2025-08-02,83223
2025-08-03,83387
2025-08-04,83555
2025-08-05,83723
2025-08-06,83892
2025-08-07,84062
2025-08-08,84232
2025-08-09,84403
2025-08-10,84549
2025-08-11,84718
2025-08-12,84887
2025-08-13,85057
2025-08-14,85225
2025-08-15,85394
2025-08-16,85482
2025-08-17,85628
2025-08-18,85795
2025-08-19,85962
2025-08-20,86130
2025-08-21,86298
2025-08-22,86466
2025-08-23,86635
2025-08-24,33921
2025-08-25,33991
2025-08-26,34059
2025-08-27,33783
2025-08-28,33849
2025-08-29,33915
2025-08-30,33982
2025-08-31,34044
2025-09-01,34111
2025-09-02,34174
2025-09-03,34240
2025-09-04,34306
2025-09-05,34373
2025-09-06,34442
2025-09-07,34511
2025-09-08,34580
2025-09-09,34649
2025-09-10,34718
2025-09-11,34787
2025-09-12,34856
2025-09-13,34925
2025-09-14,34995
2025-09-15,35065
2025-09-16,35136
2025-09-17,35207
2025-09-18,35278
2025-09-19,35349
2025-09-20,35420
2025-09-21,35491
2025-09-22,35562
2025-09-23,35633
2025-09-24,35704
2025-09-25,35775
2025-09-26,35846
2025-09-27,35918
2025-09-28,35992
2025-09-29,36066
2025-09-30,36140
2025-10-01,36214
2025-10-02,36289
2025-10-03,36364
2025-10-04,36441
2025-10-05,36518
2025-10-06,36597
2025-10-07,36677
2025-10-08,36753
2025-10-09,36799
2025-10-10,36878
2025-10-11,36957
2025-10-12,37036
2025-10-13,37115
2025-10-14,37194
2025-10-15,37273
2025-10-16,37352
2025-10-17,37431
2025-10-18,37510
2025-10-19,37589
2025-10-20,37668
2025-10-21,37747
2025-10-22,37826
2025-10-23,37905
2025-10-24,37984
2025-10-25,38063
2025-10-26,38142
2025-10-27,38221
2025-10-28,38300
2025-10-29,38379
2025-10-30,38458
2025-10-31,38537
2025-11-01,38616
2025-11-02,38695
2025-11-03,38774
2025-11-04,38853
2025-11-05,38932
2025-11-06,39011
2025-11-07,39090
2025-11-08,39169
2025-11-09,39248
2025-11-10,39327
2025-11-11,39406
2025-11-12,39485
2025-11-13,39564
2025-11-14,39643
2025-11-15,39722
2025-11-16,39801
2025-11-17,39880
2025-11-18,39959
2025-11-19,40038
2025-11-20,40117
2025-11-21,40196
2025-11-22,40275
2025-11-23,40354
2025-11-24,40433
2025-11-25,40512
2025-11-26,40591
2025-11-27,40670
2025-11-28,40749
2025-11-29,40828
2025-11-30,40907
2025-12-01,40986
2025-12-02,41065
2025-12-03,41144
2025-12-04,41223
2025-12-05,41302
2025-12-06,41381
2025-12-07,41460
2025-12-08,41539
2025-12-09,41618
2025-12-10,41697
2025-12-11,41776
2025-12-12,41855
2025-12-13,41934
2025-12-14,42013
2025-12-15,42092
2025-12-16,42171
2025-12-17,42250
2025-12-18,42329
2025-12-19,42408
2025-12-20,42487
2025-12-21,42566
2025-12-22,42645
2025-12-23,42724
2025-12-24,42803
2025-12-25,42882
2025-12-26,42961
2025-12-27,43040
2025-12-28,43119
2025-12-29,43198
2025-12-30,43277
2025-12-31,43356
2026-01-01,43435
2026-01-02,43514
2026-01-03,43593
2026-01-04,43672
2026-01-05,43751
2026-01-06,43830
2026-01-07,43909
2026-01-08,43988
2026-01-09,44067
2026-01-10,44146
2026-01-11,44225
2026-01-12,44304
2026-01-13,44383
2026-01-14,44462
