id|pull_request_id_key|created_at|closed_at
0|0|2015-06-05 21:53:32.000000|2015-06-06 11:28:59.000000
1|1|2015-06-05 22:15:10.000000|2015-06-06 10:52:08.000000
2|2|2015-06-11 09:16:15.000000|2015-06-11 12:07:57.000000
3|3|2015-06-11 12:47:20.000000|2015-06-13 11:10:50.000000
4|4|2015-06-27 05:07:57.000000|2015-06-27 20:48:14.000000
5|5|2015-07-11 20:58:17.000000|2015-07-12 08:33:02.000000
6|6|2015-07-23 18:20:30.000000|2015-07-23 19:25:27.000000
7|7|2015-07-31 05:25:54.000000|2015-07-31 06:38:58.000000
8|8|2015-09-24 13:19:50.000000|2015-09-28 06:43:38.000000
9|9|2015-09-25 01:39:48.000000|2015-09-25 21:00:34.000000
10|10|2015-09-25 01:41:53.000000|2015-09-25 20:45:28.000000
11|11|2015-09-25 20:25:47.000000|2015-09-25 21:33:56.000000
12|12|2015-09-27 13:39:13.000000|2015-09-27 20:56:23.000000
13|13|2015-10-22 19:55:45.000000|2015-11-16 22:12:26.000000
14|14|2015-10-22 19:56:29.000000|2015-11-16 22:12:44.000000
15|15|2015-11-18 04:39:09.000000|2015-11-18 12:51:55.000000
16|16|2015-12-22 05:34:16.000000|2015-12-31 09:29:43.000000
17|17|2015-12-28 08:02:26.000000|2015-12-31 09:21:32.000000
18|18|2016-01-04 15:37:46.000000|2016-01-04 16:48:49.000000
19|19|2016-01-04 16:50:53.000000|2016-02-12 11:59:32.000000
20|20|2016-01-07 12:19:48.000000|2016-01-07 20:24:52.000000
21|21|2016-01-18 14:09:19.000000|2016-01-18 22:09:15.000000
22|22|2016-01-18 15:39:36.000000|2016-01-18 18:24:20.000000
23|23|2016-01-19 15:08:17.000000|2016-01-19 21:20:11.000000
24|24|2016-01-20 09:04:51.000000|2016-02-01 06:25:40.000000
25|25|2016-01-30 16:48:53.000000|2016-01-30 16:49:19.000000
26|26|2016-02-01 06:27:11.000000|2016-02-14 09:14:47.000000
27|27|2016-02-01 06:28:49.000000|2016-02-14 07:44:19.000000
28|28|2016-02-23 12:05:11.000000|2016-04-21 19:14:41.000000
29|29|2016-02-25 00:26:46.000000|2016-03-12 07:54:16.000000
30|30|2016-03-12 11:14:01.000000|2016-03-13 22:11:11.000000
31|31|2016-04-11 18:51:29.000000|2016-04-25 19:11:15.000000
32|32|2016-04-21 12:34:43.000000|2016-04-26 20:54:16.000000
33|33|2016-04-21 18:04:51.000000|2016-04-26 20:54:35.000000
34|34|2016-05-04 11:06:38.000000|2016-05-05 07:51:19.000000
35|35|2016-05-14 06:34:43.000000|2016-05-14 07:03:15.000000
36|36|2016-05-14 06:36:24.000000|2016-05-14 07:02:37.000000
37|37|2016-06-11 08:54:23.000000|2016-06-13 18:17:41.000000
38|38|2016-06-19 03:19:01.000000|2016-06-19 07:04:27.000000
39|39|2016-07-16 19:57:47.000000|2016-07-17 10:20:52.000000
40|40|2016-07-23 02:18:11.000000|2016-07-23 11:53:33.000000
41|41|2016-07-23 02:21:10.000000|2016-07-23 11:53:42.000000
42|42|2016-08-30 13:35:53.000000|2016-08-30 18:51:11.000000
43|43|2016-09-13 16:41:07.000000|2016-09-15 04:49:28.000000
44|44|2016-11-30 17:59:29.000000|2016-12-03 09:27:58.000000
45|45|2016-12-03 07:42:51.000000|2016-12-03 09:17:14.000000
46|46|2016-12-03 15:49:39.000000|2016-12-03 18:05:34.000000
47|47|2016-12-28 17:15:01.000000|2016-12-28 17:21:11.000000
48|48|2016-12-28 17:23:29.000000|2016-12-30 17:59:37.000000
49|49|2017-01-18 21:43:50.000000|2017-01-20 06:06:22.000000
50|50|2017-01-19 23:09:39.000000|2017-01-20 06:06:41.000000
51|51|2017-02-06 16:51:59.000000|2017-02-07 06:18:31.000000
52|52|2017-02-17 10:36:12.000000|2017-02-18 11:24:58.000000
53|53|2017-02-28 20:39:22.000000|2017-02-28 21:16:21.000000
54|54|2017-03-29 15:47:15.000000|2017-03-30 14:45:33.000000
55|55|2017-05-06 13:43:50.000000|2017-05-09 11:20:48.000000
56|56|2017-05-07 13:55:03.000000|2017-05-07 14:28:09.000000
57|57|2017-05-09 11:17:07.000000|2017-05-09 16:01:22.000000
58|58|2017-05-10 10:13:22.000000|2017-05-10 19:56:47.000000
59|59|2017-05-11 08:18:06.000000|2017-05-11 17:12:38.000000
60|60|2017-05-11 08:35:33.000000|2017-05-11 17:10:38.000000
61|61|2017-06-21 09:13:47.000000|2017-06-24 06:13:24.000000
62|62|2017-06-24 05:56:43.000000|2017-06-24 06:12:02.000000
63|63|2017-07-24 02:15:46.000000|2017-07-26 07:57:35.000000
64|64|2017-07-24 07:16:01.000000|2017-07-26 14:02:45.000000
65|65|2017-07-26 13:07:36.000000|2017-07-29 21:32:17.000000
66|66|2017-07-29 10:28:09.000000|2017-07-29 21:36:10.000000
67|67|2017-07-30 11:35:54.000000|2017-07-30 13:53:37.000000
68|68|2017-08-18 03:47:18.000000|2017-08-18 14:00:40.000000
69|69|2017-08-19 15:06:27.000000|2017-08-20 04:10:20.000000
70|70|2017-08-28 11:04:39.000000|2017-08-28 11:15:27.000000
71|71|2017-09-05 15:48:17.000000|2017-09-05 18:44:47.000000
72|72|2017-09-12 19:21:08.000000|2018-05-19 23:40:23.000000
73|73|2017-09-13 03:37:15.000000|2017-09-13 12:19:16.000000
74|74|2017-09-13 03:39:21.000000|2017-09-13 12:18:46.000000
75|75|2017-09-13 13:06:51.000000|2017-09-13 14:36:54.000000
76|76|2017-09-14 08:34:50.000000|2017-09-14 12:42:18.000000
77|77|2017-09-14 12:43:52.000000|2017-09-14 13:47:51.000000
78|78|2017-09-14 13:48:17.000000|2017-09-14 14:29:22.000000
79|79|2017-09-14 15:00:53.000000|2017-09-15 08:30:03.000000
80|80|2017-09-15 08:22:24.000000|2017-09-15 09:43:25.000000
81|81|2017-09-15 09:45:40.000000|2017-09-16 13:29:10.000000
82|82|2017-09-19 15:20:17.000000|2017-09-19 17:00:36.000000
83|83|2017-09-27 15:36:40.000000|2017-10-02 09:28:02.000000
84|84|2017-09-28 16:59:27.000000|2017-09-28 19:11:14.000000
85|85|2017-09-29 05:50:44.000000|2017-09-29 08:50:01.000000
86|86|2017-10-01 00:03:42.000000|2017-10-01 06:25:27.000000
87|87|2017-10-03 08:29:58.000000|2017-10-03 18:22:13.000000
88|88|2017-10-03 08:31:04.000000|2017-10-03 18:22:47.000000
89|89|2017-10-12 15:17:44.000000|2017-10-12 23:57:47.000000
90|90|2017-10-28 13:04:30.000000|2017-10-28 13:28:38.000000
91|91|2017-11-09 18:37:51.000000|2017-11-12 18:11:46.000000
92|92|2017-11-17 02:52:07.000000|2017-11-17 12:54:08.000000
93|93|2017-12-10 22:17:28.000000|2017-12-16 18:01:04.000000
94|94|2017-12-16 18:39:54.000000|2017-12-16 18:42:40.000000
95|95|2018-01-08 21:52:08.000000|2018-01-08 22:06:16.000000
96|96|2018-01-10 13:20:37.000000|2018-01-10 13:29:24.000000
97|97|2018-01-10 22:23:04.000000|2018-01-10 22:53:15.000000
98|98|2018-01-11 02:48:18.000000|2018-01-11 08:01:30.000000
99|99|2018-01-14 15:46:35.000000|2018-01-14 19:14:57.000000
100|100|2018-01-15 16:24:39.000000|2018-01-16 18:47:14.000000
101|101|2018-01-19 13:33:14.000000|2018-01-19 14:41:45.000000
102|102|2018-01-24 11:49:13.000000|2018-01-30 11:49:05.000000
103|103|2018-01-29 12:58:50.000000|2018-01-29 13:05:43.000000
104|104|2018-01-30 22:40:11.000000|2018-01-31 05:19:08.000000
105|105|2018-01-31 19:13:05.000000|2018-02-08 21:27:43.000000
106|106|2018-02-09 19:33:53.000000|2018-02-09 19:54:11.000000
107|107|2018-02-09 19:57:23.000000|2018-02-09 20:04:45.000000
108|108|2018-02-13 07:54:22.000000|2018-02-13 14:57:08.000000
109|109|2018-02-13 15:02:35.000000|2018-02-13 15:02:58.000000
110|110|2018-02-15 13:50:02.000000|2018-02-16 03:31:37.000000
111|111|2018-02-17 04:05:13.000000|2018-02-19 20:02:48.000000
112|112|2018-02-18 03:20:26.000000|2018-02-18 16:52:43.000000
113|113|2018-02-18 23:36:02.000000|2018-02-18 23:48:47.000000
114|114|2018-02-19 02:56:50.000000|2018-02-19 20:03:01.000000
115|115|2018-02-20 04:03:32.000000|2018-02-22 14:46:41.000000
116|116|2018-02-25 05:42:16.000000|2018-02-25 09:53:47.000000
117|117|2018-03-22 02:52:49.000000|2018-03-23 09:06:51.000000
118|118|2018-03-26 01:05:38.000000|2018-03-30 09:16:35.000000
119|119|2018-03-26 01:37:20.000000|2018-03-30 09:17:04.000000
120|120|2018-03-31 15:37:23.000000|2018-03-31 16:25:52.000000
121|121|2018-03-31 15:42:41.000000|2018-03-31 16:34:51.000000
122|122|2018-03-31 18:54:07.000000|2018-03-31 20:22:11.000000
123|123|2018-04-01 16:25:32.000000|2018-04-02 05:27:37.000000
124|124|2018-04-01 21:34:54.000000|2018-04-02 05:27:52.000000
125|125|2018-04-02 08:56:05.000000|2018-04-02 09:20:03.000000
126|126|2018-04-05 05:58:41.000000|2018-04-05 09:38:42.000000
127|127|2018-04-08 01:16:07.000000|2018-04-08 09:20:48.000000
128|128|2018-04-16 01:21:03.000000|2018-04-16 08:33:03.000000
129|129|2018-04-17 15:00:40.000000|2018-04-27 08:26:22.000000
130|130|2018-04-21 16:40:10.000000|2018-04-22 08:50:57.000000
131|131|2018-04-21 16:53:56.000000|2018-04-23 12:25:09.000000
132|132|2018-04-23 12:24:46.000000|2018-04-23 12:56:20.000000
133|133|2018-04-27 20:01:22.000000|2018-04-27 20:06:10.000000
134|134|2018-04-27 20:27:19.000000|2018-04-27 20:46:46.000000
135|135|2018-05-11 14:27:48.000000|2018-05-11 21:24:19.000000
136|136|2018-05-14 07:24:49.000000|2018-05-14 08:20:28.000000
137|137|2018-05-22 05:14:01.000000|2018-05-26 08:30:12.000000
138|138|2018-05-26 07:40:22.000000|2018-05-26 08:06:53.000000
139|139|2018-05-29 16:04:43.000000|2019-07-13 13:45:54.000000
140|140|2018-06-21 14:53:08.000000|2018-07-11 14:09:42.000000
141|141|2018-07-31 13:13:21.000000|2018-09-03 18:33:16.000000
142|142|2018-08-06 08:05:33.000000|2018-08-07 00:26:29.000000
143|143|2018-08-13 09:54:43.000000|2018-08-13 10:46:55.000000
144|144|2018-08-19 21:34:13.000000|2018-08-19 21:51:47.000000
145|145|2018-08-19 21:43:34.000000|2018-08-28 19:40:28.000000
146|146|2018-08-19 22:00:11.000000|2018-09-15 19:03:29.000000
147|147|2018-08-28 09:17:48.000000|2018-08-31 17:53:30.000000
148|148|2018-08-28 11:16:20.000000|2019-08-11 08:22:44.000000
149|149|2018-08-28 22:58:01.000000|2019-08-11 08:24:06.000000
150|150|2018-08-30 06:57:15.000000|2018-08-30 09:08:18.000000
151|151|2018-08-30 09:43:39.000000|2018-08-30 10:30:12.000000
152|152|2018-09-01 17:13:19.000000|2018-09-01 17:53:08.000000
153|153|2018-09-02 07:48:12.000000|2018-09-02 12:54:14.000000
154|154|2018-09-02 10:19:01.000000|2018-09-02 10:39:42.000000
155|155|2018-09-02 10:34:15.000000|2019-08-11 08:23:27.000000
156|156|2018-09-02 10:57:35.000000|2018-09-02 11:45:16.000000
157|157|2018-09-02 13:07:33.000000|2018-09-08 13:56:50.000000
158|158|2018-09-04 21:04:46.000000|2018-09-04 21:30:35.000000
159|159|2018-09-09 16:33:55.000000|2018-09-10 04:38:05.000000
160|160|2018-09-12 07:18:17.000000|2018-09-12 11:32:05.000000
161|161|2018-09-12 12:25:04.000000|2018-09-12 13:44:02.000000
162|162|2018-09-13 09:22:51.000000|2018-09-14 07:11:55.000000
163|163|2018-09-14 09:13:43.000000|2018-09-14 12:57:38.000000
164|164|2018-09-14 16:22:16.000000|2018-09-14 18:37:40.000000
165|165|2018-09-15 05:18:00.000000|2018-09-15 18:50:03.000000
166|166|2018-09-16 04:24:22.000000|2018-09-16 11:41:59.000000
167|167|2018-09-16 14:13:13.000000|2018-09-16 15:10:17.000000
168|168|2018-09-16 16:53:40.000000|2018-09-22 22:57:34.000000
169|169|2018-09-21 16:28:51.000000|2018-09-21 22:24:53.000000
170|170|2018-09-22 08:33:54.000000|2018-09-22 22:51:20.000000
171|171|2018-09-23 06:12:36.000000|2018-10-06 13:38:39.000000
172|172|2018-09-24 05:52:57.000000|2018-10-06 13:36:48.000000
173|173|2018-10-05 21:36:01.000000|2018-10-06 13:30:41.000000
174|174|2018-10-07 09:07:01.000000|2018-10-07 12:02:46.000000
175|175|2018-10-07 12:11:40.000000|2018-10-07 12:12:29.000000
176|176|2018-10-12 16:08:39.000000|2018-10-12 23:03:12.000000
177|177|2018-10-17 07:47:38.000000|2018-10-17 09:39:16.000000
178|178|2018-10-19 03:05:29.000000|2018-11-08 23:08:54.000000
179|179|2018-10-29 15:47:36.000000|2018-10-29 20:00:16.000000
180|180|2018-11-10 01:31:19.000000|2018-11-13 16:44:04.000000
181|181|2018-11-26 13:57:51.000000|2018-11-27 20:11:07.000000
182|182|2018-12-17 15:52:52.000000|2018-12-17 16:19:42.000000
183|183|2019-01-03 04:41:51.000000|2019-01-03 11:08:50.000000
184|184|2019-01-07 09:07:09.000000|2019-01-08 01:00:54.000000
185|185|2019-01-10 01:05:27.000000|2019-01-12 20:54:18.000000
186|186|2019-01-18 11:17:45.000000|2019-01-19 14:42:18.000000
187|187|2019-01-30 17:29:14.000000|2019-02-03 00:44:31.000000
188|188|2019-02-08 16:11:09.000000|2019-02-09 13:15:02.000000
189|189|2019-02-10 13:40:14.000000|2019-02-10 13:42:16.000000
190|190|2019-02-13 02:43:57.000000|2019-02-13 05:57:14.000000
191|191|2019-03-05 08:13:56.000000|2019-04-15 18:31:17.000000
192|192|2019-04-05 12:55:35.000000|2019-04-06 16:37:46.000000
193|193|2019-04-06 21:23:00.000000|2019-04-06 22:06:20.000000
194|194|2019-04-13 01:34:18.000000|2019-04-15 11:56:28.000000
195|195|2019-04-29 17:19:47.000000|2019-04-29 18:41:01.000000
196|196|2019-05-15 14:16:33.000000|2019-07-13 13:25:39.000000
197|197|2019-05-30 19:41:04.000000|2019-05-30 19:56:26.000000
198|198|2019-05-31 11:31:42.000000|2019-05-31 18:24:40.000000
199|199|2019-06-29 09:32:17.000000|2019-06-29 11:24:28.000000
200|200|2019-07-08 14:34:14.000000|2019-07-09 23:44:33.000000
201|201|2019-07-16 09:50:45.000000|2019-07-16 10:17:20.000000
202|202|2019-08-03 14:27:31.000000|2019-08-03 15:37:45.000000
203|203|2019-08-06 12:14:40.000000|2019-08-06 22:55:07.000000
204|204|2019-08-08 09:56:06.000000|2019-08-08 13:47:20.000000
205|205|2019-09-29 02:08:24.000000|2019-09-29 11:52:22.000000
206|206|2019-09-29 13:33:07.000000|2019-09-29 13:51:52.000000
207|207|2019-09-29 14:13:42.000000|2019-09-29 14:33:36.000000
208|208|2019-09-29 22:14:05.000000|2019-09-30 11:08:27.000000
209|209|2019-09-30 11:36:13.000000|2019-09-30 11:41:01.000000
210|210|2019-10-08 06:37:23.000000|2019-10-15 18:51:52.000000
211|211|2019-11-04 04:46:30.000000|2019-11-04 19:51:32.000000
212|212|2019-11-17 15:14:32.000000|2019-11-17 15:29:05.000000
213|213|2019-11-24 21:15:15.000000|2019-11-24 21:25:12.000000
214|214|2019-12-06 20:51:22.000000|2020-08-22 15:08:56.000000
215|215|2019-12-17 06:00:33.000000|2019-12-21 07:57:23.000000
216|216|2019-12-28 18:46:39.000000|2019-12-28 18:53:53.000000
217|217|2020-01-12 03:25:28.000000|2020-01-12 08:39:21.000000
218|218|2020-01-13 00:30:35.000000|2020-01-15 00:32:15.000000
219|219|2020-01-14 01:35:48.000000|2020-01-15 04:13:11.000000
220|220|2020-02-27 12:12:37.000000|2020-02-28 09:17:31.000000
221|221|2020-02-27 16:27:37.000000|2020-02-28 12:19:21.000000
222|222|2020-03-02 13:37:39.000000|2020-03-02 16:19:08.000000
223|223|2020-03-19 06:34:47.000000|2020-03-19 13:05:59.000000
224|224|2020-03-19 15:30:28.000000|2020-03-19 17:49:42.000000
225|225|2020-03-23 18:35:24.000000|2020-03-23 18:46:02.000000
226|226|2020-03-24 18:40:45.000000|2020-04-02 05:01:16.000000
227|227|2020-04-25 05:52:45.000000|2020-04-27 13:31:35.000000
228|228|2020-04-26 14:34:27.000000|2020-04-26 15:21:38.000000
229|229|2020-04-26 20:56:43.000000|2020-04-27 06:13:15.000000
230|230|2020-05-31 09:52:01.000000|2020-07-12 08:12:12.000000
231|231|2020-06-04 11:27:50.000000|2020-06-04 21:13:11.000000
232|232|2020-06-22 10:18:10.000000|2020-06-22 11:27:33.000000
233|233|2020-06-22 13:03:35.000000|2020-06-22 13:06:23.000000
234|234|2020-06-24 09:25:05.000000|2020-06-24 11:50:36.000000
235|235|2020-06-29 21:52:13.000000|2020-06-30 00:02:32.000000
236|236|2020-06-30 09:06:59.000000|2020-06-30 12:26:58.000000
237|237|2020-07-03 11:08:24.000000|2020-07-03 12:07:35.000000
238|238|2020-07-15 18:43:46.000000|2020-07-16 20:57:47.000000
239|239|2020-07-18 04:33:52.000000|2020-07-18 12:09:30.000000
240|240|2020-07-20 10:15:26.000000|2020-07-20 10:55:29.000000
241|241|2020-07-27 12:14:59.000000|2020-08-22 14:55:13.000000
242|242|2020-07-31 05:42:15.000000|2020-08-02 14:16:02.000000
243|243|2020-08-02 10:00:43.000000|2020-08-02 13:49:48.000000
244|244|2020-08-16 07:12:03.000000|2020-08-16 11:09:28.000000
245|245|2020-08-17 17:32:01.000000|2020-08-17 20:32:07.000000
246|246|2020-08-31 12:36:35.000000|2020-09-13 19:04:03.000000
247|247|2020-09-10 18:37:53.000000|2020-09-10 19:45:48.000000
248|248|2020-09-12 17:01:50.000000|2020-09-12 17:31:11.000000
249|249|2020-09-13 03:32:54.000000|2020-09-13 12:40:02.000000
250|250|2020-09-17 12:48:53.000000|2020-09-17 13:28:43.000000
251|251|2020-09-26 00:12:38.000000|2020-09-26 00:12:44.000000
252|252|2020-09-28 20:28:30.000000|2020-10-11 15:43:36.000000
253|253|2020-10-02 07:16:55.000000|2020-10-11 15:30:03.000000
254|254|2020-10-05 17:15:18.000000|2020-10-05 18:27:55.000000
255|255|2020-10-09 08:44:10.000000|2020-10-11 15:31:52.000000
256|256|2020-10-09 08:44:27.000000|2020-10-11 15:38:01.000000
257|257|2020-10-09 11:23:31.000000|2020-10-11 15:40:20.000000
258|258|2020-10-11 14:49:09.000000|2020-10-11 15:26:00.000000
259|259|2020-10-14 15:12:40.000000|2020-10-14 15:26:50.000000
260|260|2020-10-17 09:58:08.000000|2020-10-19 20:03:49.000000
261|261|2020-10-19 00:41:53.000000|2020-10-19 01:18:08.000000
262|262|2020-10-22 02:07:21.000000|2020-10-22 10:52:13.000000
263|263|2020-11-05 01:25:31.000000|2020-11-05 01:37:13.000000
264|264|2020-11-13 14:25:58.000000|2020-11-13 22:19:21.000000
265|265|2020-11-16 14:51:11.000000|2020-11-16 16:47:06.000000
266|266|2020-12-04 19:50:34.000000|2020-12-04 19:55:37.000000
267|267|2020-12-12 14:08:53.000000|2020-12-12 14:58:20.000000
268|268|2020-12-24 14:39:26.000000|2020-12-28 09:04:50.000000
269|269|2020-12-26 16:25:07.000000|2020-12-26 17:31:28.000000
270|270|2020-12-27 16:33:11.000000|2020-12-27 16:56:37.000000
271|271|2020-12-29 15:02:49.000000|2021-01-17 10:56:00.000000
272|272|2021-01-02 20:32:44.000000|2021-01-02 21:06:23.000000
273|273|2021-01-06 15:42:45.000000|2021-01-06 23:15:13.000000
274|274|2021-01-07 02:53:46.000000|2021-01-08 18:20:08.000000
275|275|2021-01-12 21:47:59.000000|2021-01-12 23:47:07.000000
276|276|2021-01-18 16:53:20.000000|2021-01-18 17:27:46.000000
277|277|2021-01-27 00:56:20.000000|2021-01-27 01:00:17.000000
278|278|2021-02-02 08:11:05.000000|2021-02-03 20:31:44.000000
279|279|2021-02-02 12:01:08.000000|2021-02-03 20:24:11.000000
280|280|2021-02-03 03:37:38.000000|2021-02-03 20:22:58.000000
281|281|2021-02-03 07:17:51.000000|2021-02-03 20:20:35.000000
282|282|2021-02-03 08:07:05.000000|2021-02-03 20:19:08.000000
283|283|2021-02-13 16:16:55.000000|2021-02-13 18:12:24.000000
284|284|2021-02-17 14:07:41.000000|2021-02-18 23:27:22.000000
285|285|2021-02-26 07:32:06.000000|2021-02-26 10:14:32.000000
286|286|2021-03-08 23:26:49.000000|2021-03-12 12:10:34.000000
287|287|2021-03-22 19:10:39.000000|2021-03-22 20:19:09.000000
288|288|2021-04-14 14:16:34.000000|2021-04-14 14:49:35.000000
289|289|2021-04-19 21:22:38.000000|2021-04-20 14:00:00.000000
290|290|2021-05-16 15:15:55.000000|2021-05-16 16:37:04.000000
291|291|2021-05-17 09:53:48.000000|2021-07-05 18:51:17.000000
292|292|2021-05-27 17:07:04.000000|2021-05-29 11:02:33.000000
293|293|2021-06-10 02:55:11.000000|2021-06-10 16:46:41.000000
294|294|2021-06-23 14:42:55.000000|2021-06-24 19:00:13.000000
295|295|2021-06-24 19:33:29.000000|2021-06-26 12:19:19.000000
296|296|2021-08-05 11:27:47.000000|2021-08-07 16:39:44.000000
297|297|2021-08-11 10:01:01.000000|2021-08-14 08:30:31.000000
298|298|2021-08-14 05:20:59.000000|2021-08-14 08:08:59.000000
299|299|2021-08-16 12:25:20.000000|2021-08-17 06:07:58.000000
300|300|2021-08-18 13:36:03.000000|2021-08-18 13:47:38.000000
301|301|2021-08-18 13:48:35.000000|2021-08-18 20:57:11.000000
302|302|2021-08-21 08:18:06.000000|2021-08-21 11:34:44.000000
303|303|2021-08-23 08:08:06.000000|2021-10-03 14:36:42.000000
304|304|2021-08-28 20:36:48.000000|2021-09-05 17:03:14.000000
305|305|2021-09-11 21:28:18.000000|2021-09-12 10:31:32.000000
306|306|2021-09-14 09:39:19.000000|2021-09-14 10:59:40.000000
307|307|2021-09-24 11:04:54.000000|2021-09-24 19:44:10.000000
308|308|2021-10-06 11:20:03.000000|2021-10-07 18:57:14.000000
309|309|2021-10-17 16:32:44.000000|2021-10-17 18:23:32.000000
310|310|2021-10-22 03:48:09.000000|2021-10-22 07:19:32.000000
311|311|2021-10-29 07:11:01.000000|2021-10-30 19:22:33.000000
312|312|2021-10-30 15:29:25.000000|2021-10-30 16:54:35.000000
313|313|2021-10-31 21:35:25.000000|2021-11-17 01:03:00.000000
314|314|2021-10-31 21:36:35.000000|2021-10-31 22:32:08.000000
315|315|2021-12-01 20:37:35.000000|2021-12-07 21:40:59.000000
316|316|2021-12-21 19:13:23.000000|2022-04-27 12:19:02.000000
317|317|2021-12-27 14:27:01.000000|2022-01-15 21:03:10.000000
318|318|2022-01-03 01:21:15.000000|2022-01-03 23:00:27.000000
319|319|2022-01-04 20:33:04.000000|2022-01-07 14:15:15.000000
320|320|2022-01-12 12:17:22.000000|2022-01-15 09:19:08.000000
321|321|2022-01-17 06:17:12.000000|2022-01-17 08:34:50.000000
322|322|2022-01-22 18:20:14.000000|2022-01-27 01:06:51.000000
323|323|2022-01-24 07:21:50.000000|2022-01-24 07:25:08.000000
324|324|2022-02-02 16:45:30.000000|2022-02-03 20:17:04.000000
325|325|2022-02-17 06:51:58.000000|2022-02-17 19:13:35.000000
326|326|2022-03-07 01:59:51.000000|2022-03-14 21:23:52.000000
327|327|2022-03-17 13:22:49.000000|2022-03-19 10:50:38.000000
328|328|2022-03-19 19:38:01.000000|2022-03-19 20:18:45.000000
329|329|2022-03-23 04:34:22.000000|2022-03-24 15:35:46.000000
330|330|2022-03-24 12:56:07.000000|2022-03-24 15:34:48.000000
331|331|2022-04-09 08:37:03.000000|2022-04-09 12:34:04.000000
332|332|2022-04-25 15:07:08.000000|2022-04-27 06:48:53.000000
333|333|2022-04-25 20:51:08.000000|2022-04-29 19:27:48.000000
334|334|2022-05-04 07:03:51.000000|2022-05-04 14:58:18.000000
335|335|2022-05-05 05:07:28.000000|2022-05-06 15:54:18.000000
336|336|2022-05-29 00:58:54.000000|2022-06-01 16:43:42.000000
337|337|2022-06-02 01:29:39.000000|2022-06-04 16:01:09.000000
338|338|2022-06-04 16:01:29.000000|2022-06-04 16:02:35.000000
339|339|2022-06-24 19:20:34.000000|2022-06-26 17:08:01.000000
340|340|2022-07-03 20:09:28.000000|2022-07-03 22:37:05.000000
341|341|2022-07-13 01:44:47.000000|2022-07-30 00:35:40.000000
342|342|2022-07-14 13:22:03.000000|2023-03-12 10:29:37.000000
343|343|2022-07-17 16:50:31.000000|2022-07-17 18:53:49.000000
344|344|2022-08-17 11:02:11.000000|2022-09-29 21:21:39.000000
345|345|2022-08-22 10:06:08.000000|2022-08-25 23:07:14.000000
346|346|2022-09-01 19:11:51.000000|2022-09-04 12:22:28.000000
347|347|2022-09-07 09:46:03.000000|2022-09-10 07:51:17.000000
348|348|2022-09-14 20:17:57.000000|2022-09-15 00:19:54.000000
349|349|2022-09-16 15:15:45.000000|2022-09-18 00:49:07.000000
350|350|2022-10-21 22:10:29.000000|2022-10-22 10:35:54.000000
351|351|2022-11-03 15:51:55.000000|2022-11-05 01:24:01.000000
352|352|2022-11-06 05:24:27.000000|2022-11-06 11:24:06.000000
353|353|2022-11-19 16:44:22.000000|2022-11-20 13:37:07.000000
354|354|2022-11-22 04:14:59.000000|2022-11-25 08:59:10.000000
355|355|2022-11-22 16:15:26.000000|2022-11-24 21:18:06.000000
356|356|2022-11-22 16:15:49.000000|2022-11-26 03:13:59.000000
357|357|2022-11-22 16:16:04.000000|2022-11-22 23:22:34.000000
358|358|2022-11-22 16:16:21.000000|2022-11-23 11:33:27.000000
359|359|2022-11-22 16:16:38.000000|2022-11-23 16:40:07.000000
360|360|2022-12-02 10:06:12.000000|2022-12-02 11:27:53.000000
361|361|2022-12-15 16:17:01.000000|2022-12-15 18:06:41.000000
362|362|2023-01-03 13:13:55.000000|2023-01-03 14:02:28.000000
363|363|2023-01-03 16:19:29.000000|2023-01-03 16:22:54.000000
364|364|2023-01-03 17:42:05.000000|2023-01-03 19:06:01.000000
365|365|2023-01-22 23:40:12.000000|2023-01-28 01:19:07.000000
366|366|2023-01-27 17:39:00.000000|2023-01-28 01:19:44.000000
367|367|2023-02-04 18:07:11.000000|2023-02-04 18:58:50.000000
368|368|2023-02-04 22:57:54.000000|2023-02-05 09:16:08.000000
369|369|2023-02-07 17:34:09.000000|2023-02-11 10:22:33.000000
370|370|2023-02-10 08:16:50.000000|2023-02-10 17:13:24.000000
371|371|2023-02-20 15:54:14.000000|2023-02-21 07:46:53.000000
372|372|2023-02-21 11:37:44.000000|2023-02-23 10:05:46.000000
373|373|2023-02-22 08:57:07.000000|2023-03-10 08:13:53.000000
374|374|2023-02-24 15:23:20.000000|2023-02-24 17:12:07.000000
375|375|2023-02-26 19:24:18.000000|2023-02-26 20:34:46.000000
376|376|2023-03-09 07:51:07.000000|2023-03-09 13:11:47.000000
377|377|2023-04-05 12:50:35.000000|2023-04-09 12:44:34.000000
378|378|2023-05-08 12:58:46.000000|2023-05-14 03:07:59.000000
379|379|2023-05-23 07:21:15.000000|2023-05-24 17:07:07.000000
380|380|2023-06-22 21:01:53.000000|2023-06-23 02:04:54.000000
381|381|2023-07-01 11:13:53.000000|2023-07-01 16:45:03.000000
382|382|2023-09-08 06:41:04.000000|2023-09-08 10:41:44.000000
383|383|2023-09-11 03:58:36.000000|2023-12-22 16:52:18.000000
384|384|2023-09-27 16:22:31.000000|2023-09-27 17:17:24.000000
385|385|2023-10-09 14:38:22.000000|2023-10-11 10:34:31.000000
386|386|2023-10-12 07:48:47.000000|2023-10-12 10:35:46.000000
387|387|2023-10-14 07:24:08.000000|2023-10-14 17:36:36.000000
388|388|2023-10-14 07:43:47.000000|2023-10-15 10:22:53.000000
389|389|2023-10-31 16:06:25.000000|2023-10-31 19:30:57.000000
390|390|2023-10-31 16:39:43.000000|2023-10-31 16:41:07.000000
391|391|2023-10-31 16:47:04.000000|2023-11-01 02:36:07.000000
392|392|2023-11-01 02:33:59.000000|2023-12-01 01:15:30.000000
393|393|2023-11-01 02:46:12.000000|2023-11-01 22:37:59.000000
394|394|2023-11-13 03:21:54.000000|2023-11-13 11:07:53.000000
395|395|2023-12-05 10:57:17.000000|
396|396|2023-12-08 09:43:08.000000|2023-12-08 13:44:22.000000
397|397|2023-12-09 22:42:21.000000|2023-12-10 03:37:09.000000
398|398|2023-12-12 10:55:49.000000|
399|399|2023-12-12 12:49:24.000000|2023-12-12 21:02:22.000000
400|400|2023-12-18 03:20:09.000000|2023-12-18 21:23:35.000000
401|401|2023-12-18 03:20:13.000000|2023-12-18 21:23:18.000000
402|402|2023-12-18 03:20:19.000000|2023-12-18 21:23:48.000000
403|403|2023-12-24 10:22:43.000000|2023-12-24 13:19:55.000000
404|404|2023-12-24 10:30:54.000000|2023-12-24 13:19:31.000000
405|405|2023-12-25 09:33:15.000000|2023-12-25 13:32:35.000000
406|406|2023-12-27 22:39:41.000000|2023-12-28 03:08:03.000000
407|407|2023-12-28 17:38:00.000000|2023-12-29 01:28:18.000000
408|408|2024-01-01 08:03:55.000000|2024-01-01 09:33:30.000000
409|409|2024-01-06 14:06:03.000000|2024-01-06 22:57:16.000000
410|410|2024-01-08 09:31:19.000000|2024-01-08 18:13:40.000000
411|411|2024-01-22 03:56:24.000000|2024-01-22 08:49:17.000000
412|412|2024-01-25 10:06:51.000000|2024-01-25 11:08:58.000000
413|413|2024-01-29 03:42:54.000000|2024-01-29 07:47:57.000000
414|414|2024-01-29 14:17:31.000000|2024-01-29 18:58:04.000000
415|415|2024-02-08 17:31:17.000000|2024-02-14 16:16:34.000000
416|416|2024-02-09 12:50:26.000000|2024-02-10 13:14:33.000000
417|417|2024-03-11 03:28:07.000000|2024-03-11 08:04:30.000000
418|418|2024-03-21 16:53:33.000000|2024-03-21 16:54:17.000000
419|419|2024-03-24 03:36:51.000000|2024-03-24 13:54:41.000000
420|420|2024-03-25 04:24:00.000000|2024-03-28 23:14:47.000000
421|421|2024-03-26 21:12:30.000000|2024-03-29 16:27:36.000000
422|422|2024-04-01 03:18:23.000000|2024-04-01 18:36:46.000000
423|423|2024-04-01 21:10:57.000000|2024-04-01 21:17:04.000000
424|424|2024-04-04 06:34:07.000000|2024-04-04 17:05:32.000000
425|425|2024-04-08 03:37:48.000000|2024-04-08 06:45:29.000000
426|426|2024-04-08 10:51:57.000000|2024-04-08 11:06:43.000000
427|427|2024-04-08 17:19:47.000000|
428|428|2024-04-14 21:23:06.000000|2024-04-15 07:07:02.000000
429|429|2024-04-17 19:45:36.000000|2024-04-18 05:45:08.000000
430|430|2024-04-19 13:24:29.000000|2024-04-19 16:58:41.000000
431|431|2024-04-19 14:28:58.000000|2024-04-20 12:32:03.000000
432|432|2024-04-24 07:03:12.000000|2024-05-04 15:37:25.000000
433|433|2024-05-02 02:16:09.000000|2024-05-02 05:16:04.000000
434|434|2024-05-06 14:26:03.000000|2024-05-06 17:57:42.000000
435|435|2024-05-20 03:53:05.000000|2024-05-20 12:00:46.000000
436|436|2024-05-20 03:53:08.000000|2024-05-20 12:00:56.000000
437|437|2024-05-27 03:43:43.000000|2024-05-27 04:34:17.000000
438|438|2024-06-08 13:56:56.000000|2024-06-09 09:28:05.000000
439|439|2024-06-10 03:02:37.000000|2024-06-10 04:48:06.000000
440|440|2024-06-18 14:20:21.000000|2024-06-20 14:38:18.000000
441|441|2024-07-15 14:27:48.000000|2024-07-15 19:31:19.000000
442|442|2024-07-21 11:28:55.000000|2024-07-25 00:44:03.000000
443|443|2024-07-26 15:59:57.000000|2024-07-27 01:31:05.000000
444|444|2024-07-27 13:10:46.000000|2024-07-27 13:20:28.000000
445|445|2024-07-29 03:13:23.000000|2024-07-29 20:09:31.000000
446|446|2024-09-05 07:16:49.000000|2024-09-28 18:45:16.000000
447|447|2024-09-09 20:46:55.000000|2024-09-09 23:49:27.000000
448|448|2024-09-12 14:08:54.000000|2024-09-17 23:26:57.000000
449|449|2024-09-12 14:34:35.000000|2024-09-14 09:07:12.000000
450|450|2024-09-20 17:32:53.000000|2024-09-21 11:40:51.000000
451|451|2024-09-21 04:46:18.000000|2024-09-21 04:53:04.000000
452|452|2024-10-01 21:58:12.000000|2024-10-01 22:13:57.000000
453|453|2024-10-02 21:18:04.000000|2024-10-02 21:49:53.000000
454|454|2024-10-04 09:46:29.000000|2024-10-04 10:02:13.000000
455|455|2024-10-18 09:59:01.000000|2024-10-20 13:52:05.000000
456|456|2024-10-19 04:47:33.000000|2024-10-19 07:57:45.000000
457|457|2024-10-28 03:16:45.000000|2024-10-28 06:33:49.000000
458|458|2024-11-01 13:04:14.000000|2024-11-01 15:51:04.000000
459|459|2024-11-12 06:32:16.000000|2024-11-16 14:49:54.000000
460|460|2024-11-14 01:24:48.000000|2024-11-14 07:12:13.000000
461|461|2024-11-15 19:13:49.000000|2024-11-16 19:43:10.000000
462|462|2024-11-17 18:06:29.000000|2024-11-18 00:05:32.000000
463|463|2024-12-17 14:03:49.000000|2024-12-17 17:26:25.000000
464|464|2025-01-13 03:56:26.000000|2025-01-13 08:01:19.000000
465|465|2025-01-16 13:10:06.000000|2025-02-15 15:58:20.000000
466|466|2025-02-02 18:02:25.000000|2025-02-02 22:03:35.000000
467|467|2025-02-03 12:07:24.000000|2025-02-03 16:47:49.000000
468|468|2025-02-20 13:14:30.000000|2025-02-20 13:41:17.000000
469|469|2025-03-06 07:44:33.000000|2025-03-06 15:26:24.000000
470|470|2025-03-15 06:37:18.000000|2025-03-15 13:30:42.000000
471|471|2025-03-30 06:36:53.000000|2025-04-05 16:06:45.000000
472|472|2025-03-30 08:54:55.000000|2025-04-05 16:00:21.000000
473|473|2025-03-30 18:05:12.000000|2025-03-31 21:16:14.000000
474|474|2025-04-16 22:51:10.000000|2025-04-17 19:35:06.000000
475|475|2025-05-24 09:18:40.000000|2025-05-26 21:45:30.000000
476|476|2025-06-12 08:25:45.000000|2025-06-17 06:16:23.000000
477|477|2025-06-26 09:53:04.000000|2025-06-27 15:53:14.000000
478|478|2025-06-30 17:06:06.000000|2025-07-01 15:37:09.000000
479|479|2025-07-01 07:17:15.000000|2025-07-01 15:39:37.000000
480|480|2025-07-06 12:49:52.000000|2025-07-13 16:28:15.000000
481|481|2025-07-13 18:39:49.000000|2025-07-13 19:52:30.000000
482|482|2025-07-14 03:59:08.000000|2025-07-18 12:24:19.000000
483|483|2025-07-31 00:16:58.000000|2025-07-31 10:28:45.000000
484|484|2025-08-05 17:41:26.000000|2025-08-09 13:49:57.000000
485|485|2025-08-11 04:23:55.000000|2025-08-11 07:58:38.000000
486|486|2025-08-16 13:39:53.000000|2025-08-16 13:52:16.000000
487|487|2025-08-18 05:25:53.000000|2025-08-18 06:11:15.000000
488|488|2025-08-19 02:18:32.000000|2025-08-19 10:57:11.000000
489|489|2025-09-08 03:02:22.000000|2025-09-08 04:43:58.000000
490|490|2025-10-01 14:35:34.000000|2025-10-06 19:44:57.000000
491|491|2025-10-04 15:35:46.000000|
492|492|2025-10-05 18:01:44.000000|2025-10-05 19:35:59.000000
